Loan_ID,Gender,Married,Dependents,Education,Self_Employed,ApplicantIncome,CoapplicantIncome,LoanAmount,Loan_Amount_Term,Credit_History,Property_Area,Loan_Status,log_app_income,sqr_app_income,log_coapp_income,sqr_coapp_income,log_loan_amt,sqr_loan_amt,Total_Income,Total_Income_log,Total_Income_sqr,Payability,Payability_log,Payability_sqr
LP001003,1,1,1,0,0,4583,1508.0,128.0,360.0,1.0,2,0,8.430109084509125,21003889,7.318539548567902,2274064.0,4.852030263919617,16384.0,6091.0,8.714567550836485,37100281.0,5963.0,8.693328989123106,35557369.0
LP001005,1,1,0,0,1,3000,0.0,66.0,360.0,1.0,0,1,8.006367567650246,9000000,-inf,0.0,4.189654742026425,4356.0,3000.0,8.006367567650246,9000000.0,2934.0,7.984121958702927,8608356.0
LP001006,1,1,0,1,0,2583,2358.0,120.0,360.0,1.0,0,1,7.8567067930958405,6671889,7.765569081097317,5560164.0,4.787491742782046,14400.0,4941.0,8.50532301884575,24413481.0,4821.0,8.480736654405622,23242041.0
LP001008,1,0,0,0,0,6000,0.0,141.0,360.0,1.0,0,1,8.699514748210191,36000000,-inf,0.0,4.948759890378168,19881.0,6000.0,8.699514748210191,36000000.0,5859.0,8.675734219544788,34327881.0
LP001011,1,1,2,0,1,5417,4196.0,267.0,360.0,1.0,0,1,8.597297435657898,29343889,8.341886969516187,17606416.0,5.58724865840025,71289.0,9613.0,9.170871628065816,92409769.0,9346.0,9.142703723260372,87347716.0
LP001013,1,1,0,1,0,2333,1516.0,95.0,360.0,1.0,0,1,7.75491027202143,5442889,7.323830566202317,2298256.0,4.553876891600541,9025.0,3849.0,8.255568653283746,14814801.0,3754.0,8.230577217146454,14092516.0
LP001014,1,1,3,0,0,3036,2504.0,158.0,360.0,0.0,1,0,8.01829613851552,9217296,7.825644732219989,6270016.0,5.062595033026967,24964.0,5540.0,8.61974977974133,30691600.0,5382.0,8.590815331286851,28965924.0
LP001018,1,1,2,0,0,4006,1526.0,168.0,360.0,1.0,0,1,8.295548516225763,16048036,7.330405211844402,2328676.0,5.123963979403259,28224.0,5532.0,8.61830469278465,30603024.0,5364.0,8.587465244401569,28772496.0
LP001020,1,1,1,0,0,12841,10968.0,349.0,360.0,1.0,1,0,9.460398455831275,164891281,9.30273722124215,120297024.0,5.855071922202427,121801.0,23809.0,10.077818939438902,566868481.0,23460.0,10.063052122207466,550371600.0
LP001024,1,1,2,0,0,3200,700.0,70.0,360.0,1.0,0,1,8.070906088787819,10240000,6.551080335043404,490000.0,4.248495242049359,4900.0,3900.0,8.268731832117737,15210000.0,3830.0,8.250620082174692,14668900.0
LP001028,1,1,2,0,0,3073,8106.0,200.0,360.0,1.0,0,1,8.030409562130485,9443329,9.000359807188254,65707236.0,5.298317366548036,40000.0,11179.0,9.321792297270326,124970041.0,10979.0,9.303739636234733,120538441.0
LP001029,1,0,0,0,0,1853,2840.0,114.0,360.0,1.0,2,0,7.52456122628536,3433609,7.951559331155252,8065600.0,4.736198448394496,12996.0,4693.0,8.453827315794417,22024249.0,4579.0,8.429235912657095,20967241.0
LP001030,1,1,2,0,0,1299,1086.0,17.0,120.0,1.0,0,1,7.1693500166706,1687401,6.990256500493881,1179396.0,2.833213344056216,289.0,2385.0,7.776954403322442,5688225.0,2368.0,7.769800996003896,5607424.0
LP001032,1,0,0,0,0,4950,0.0,125.0,360.0,1.0,0,1,8.507142855562735,24502500,-inf,0.0,4.8283137373023015,15625.0,4950.0,8.507142855562735,24502500.0,4825.0,8.481566013773087,23280625.0
LP001036,0,0,0,0,0,3510,0.0,76.0,360.0,0.0,0,0,8.163371316459912,12320100,-inf,0.0,4.330733340286331,5776.0,3510.0,8.163371316459912,12320100.0,3434.0,8.141481041457421,11792356.0
LP001038,1,1,0,1,0,4887,0.0,133.0,360.0,1.0,2,0,8.494333897270154,23882769,-inf,0.0,4.890349128221754,17689.0,4887.0,8.494333897270154,23882769.0,4754.0,8.46674164792014,22600516.0
LP001043,1,1,0,1,0,7660,0.0,104.0,360.0,0.0,0,0,8.943767262734637,58675600,-inf,0.0,4.6443908991413725,10816.0,7660.0,8.943767262734637,58675600.0,7556.0,8.9300972286214,57093136.0
LP001046,1,1,1,0,0,5955,5625.0,315.0,360.0,1.0,0,1,8.691986481789401,35462025,8.63497622707262,31640625.0,5.752572638825633,99225.0,11580.0,9.357034751126987,134096400.0,11265.0,9.329455852866344,126900225.0
LP001047,1,1,0,1,0,2600,1911.0,116.0,360.0,0.0,1,0,7.8632667240095735,6760000,7.555381944240273,3651921.0,4.7535901911063645,13456.0,4511.0,8.414274137408396,20349121.0,4395.0,8.388222810119277,19316025.0
LP001066,1,1,0,0,1,9560,0.0,191.0,360.0,1.0,1,1,9.165343006045447,91393600,-inf,0.0,5.25227342804663,36481.0,9560.0,9.165343006045447,91393600.0,9369.0,9.145161645951188,87778161.0
LP001068,1,1,0,0,0,2799,2253.0,122.0,360.0,1.0,1,1,7.937017489515454,7834401,7.720017940432244,5076009.0,4.804021044733257,14884.0,5052.0,8.527539483470381,25522704.0,4930.0,8.503094267036737,24304900.0
LP001073,1,1,2,1,0,4226,1040.0,110.0,360.0,1.0,0,1,8.349011198176003,17859076,6.946975992135418,1081600.0,4.700480365792417,12100.0,5266.0,8.569026340056254,27730756.0,5156.0,8.547916364059079,26584336.0
LP001086,1,0,0,1,0,1442,0.0,35.0,360.0,1.0,0,0,7.273786317844895,2079364,-inf,0.0,3.5553480614894135,1225.0,1442.0,7.273786317844895,2079364.0,1407.0,7.249215057114389,1979649.0
LP001095,1,0,0,0,0,3167,0.0,74.0,360.0,1.0,0,0,8.06054004653864,10029889,-inf,0.0,4.30406509320417,5476.0,3167.0,8.06054004653864,10029889.0,3093.0,8.03689677268507,9566649.0
LP001097,1,0,1,0,1,4692,0.0,106.0,360.0,1.0,2,0,8.453614209773367,22014864,-inf,0.0,4.663439094112067,11236.0,4692.0,8.453614209773367,22014864.0,4586.0,8.43076346341785,21031396.0
LP001098,1,1,0,0,0,3500,1667.0,114.0,360.0,1.0,1,1,8.160518247477505,12250000,7.418780882750794,2778889.0,4.736198448394496,12996.0,5167.0,8.550047528287184,26697889.0,5053.0,8.527737405291909,25532809.0
LP001100,1,0,3,0,0,12500,3000.0,320.0,360.0,1.0,2,0,9.433483923290392,156250000,8.006367567650246,9000000.0,5.768320995793772,102400.0,15500.0,9.648595302907339,240250000.0,15180.0,9.627734050949622,230432400.0
LP001112,0,1,0,0,0,3667,1459.0,144.0,360.0,1.0,1,1,8.207129168071326,13446889,7.285506548522785,2128681.0,4.969813299576001,20736.0,5126.0,8.542080906924017,26275876.0,4982.0,8.513586695822125,24820324.0
LP001114,1,0,0,0,0,4166,7210.0,184.0,360.0,1.0,0,1,8.334711621820917,17355556,8.883224230278994,51984100.0,5.214935757608986,33856.0,11376.0,9.339261152043022,129413376.0,11192.0,9.322954516345318,125260864.0
LP001116,1,0,0,1,0,3748,1668.0,110.0,360.0,1.0,1,1,8.228977643358313,14047504,7.419380582918692,2782224.0,4.700480365792417,12100.0,5416.0,8.59711281459211,29333056.0,5306.0,8.576593534697684,28153636.0
LP001119,1,0,0,0,0,3600,0.0,80.0,360.0,1.0,0,0,8.1886891244442,12960000,-inf,0.0,4.382026634673881,6400.0,3600.0,8.1886891244442,12960000.0,3520.0,8.166216268592143,12390400.0
LP001120,1,0,0,0,0,1800,1213.0,47.0,360.0,1.0,0,1,7.495541943884256,3240000,7.10085190894405,1471369.0,3.8501476017100584,2209.0,3013.0,8.0106915391303,9078169.0,2966.0,7.994969522697877,8797156.0
LP001131,1,1,0,0,0,3941,2336.0,134.0,360.0,1.0,1,1,8.279189777195004,15531481,7.756195343948118,5456896.0,4.897839799950911,17956.0,6277.0,8.744647438317532,39400729.0,6143.0,8.723068501163928,37736449.0
LP001138,1,1,1,0,0,5649,0.0,44.0,360.0,1.0,0,1,8.639233817325263,31911201,-inf,0.0,3.784189633918261,1936.0,5649.0,8.639233817325263,31911201.0,5605.0,8.63141433550626,31416025.0
LP001144,1,1,0,0,0,5821,0.0,144.0,360.0,1.0,0,1,8.669227347271736,33884041,-inf,0.0,4.969813299576001,20736.0,5821.0,8.669227347271736,33884041.0,5677.0,8.644178203170727,32228329.0
LP001146,0,1,0,0,0,2645,3440.0,120.0,360.0,0.0,0,0,7.8804263442924,6996025,8.143226750367445,11833600.0,4.787491742782046,14400.0,6085.0,8.713582005421628,37027225.0,5965.0,8.693664334532016,35581225.0
LP001151,0,0,0,0,0,4000,2275.0,144.0,360.0,1.0,1,1,8.294049640102028,16000000,7.729735331385051,5175625.0,4.969813299576001,20736.0,6275.0,8.744328763999984,39375625.0,6131.0,8.721113147762688,37589161.0
LP001155,0,1,0,1,0,1928,1644.0,100.0,360.0,1.0,1,1,7.564238475170491,3717184,7.404887575616125,2702736.0,4.605170185988092,10000.0,3572.0,8.18088094199639,12759184.0,3472.0,8.15248607578024,12054784.0
LP001157,0,0,0,0,0,3086,0.0,120.0,360.0,1.0,1,1,8.034631032923107,9523396,-inf,0.0,4.787491742782046,14400.0,3086.0,8.034631032923107,9523396.0,2966.0,7.994969522697877,8797156.0
LP001164,0,0,0,0,0,4230,0.0,112.0,360.0,1.0,1,0,8.349957272040324,17892900,-inf,0.0,4.718498871295094,12544.0,4230.0,8.349957272040324,17892900.0,4118.0,8.323122887587735,16957924.0
LP001179,1,1,2,0,0,4616,0.0,134.0,360.0,1.0,0,0,8.437283808187935,21307456,-inf,0.0,4.897839799950911,17956.0,4616.0,8.437283808187935,21307456.0,4482.0,8.407824654360873,20088324.0
LP001186,0,1,1,0,1,11500,0.0,286.0,360.0,0.0,0,0,9.350102314351341,132250000,-inf,0.0,5.655991810819852,81796.0,11500.0,9.350102314351341,132250000.0,11214.0,9.324918276683619,125753796.0
LP001194,1,1,2,0,0,2708,1167.0,97.0,360.0,1.0,1,1,7.903965634032166,7333264,7.062191632286556,1361889.0,4.574710978503383,9409.0,3875.0,8.262300941787448,15015625.0,3778.0,8.236950048061455,14273284.0
LP001195,1,1,0,0,0,2132,1591.0,96.0,360.0,1.0,1,1,7.664815785285735,4545424,7.372118028337787,2531281.0,4.564348191467836,9216.0,3723.0,8.222285073872717,13860729.0,3627.0,8.196161139282902,13155129.0
LP001197,1,1,0,0,0,3366,2200.0,135.0,360.0,1.0,2,0,8.121480374750751,11329956,7.696212639346407,4840000.0,4.90527477843843,18225.0,5566.0,8.624431942085836,30980356.0,5431.0,8.599878558034845,29495761.0
LP001198,1,1,1,0,0,8080,2250.0,180.0,360.0,1.0,0,1,8.997147151515142,65286400,7.718685495198466,5062500.0,5.19295685089021,32400.0,10330.0,9.242807562113684,106708900.0,10150.0,9.225228984469933,103022500.0
LP001199,1,1,2,1,0,3357,2859.0,144.0,360.0,1.0,0,1,8.118802996980035,11269449,7.958227192322312,8173881.0,4.969813299576001,20736.0,6216.0,8.734881892047483,38638656.0,6072.0,8.711443319075466,36869184.0
LP001205,1,1,0,0,0,2500,3796.0,120.0,360.0,1.0,0,1,7.824046010856292,6250000,8.241703159729818,14409616.0,4.787491742782046,14400.0,6296.0,8.74766979009724,39639616.0,6176.0,8.728426091704613,38142976.0
LP001206,1,1,3,0,0,3029,0.0,99.0,360.0,1.0,0,1,8.015987811027237,9174841,-inf,0.0,4.59511985013459,9801.0,3029.0,8.015987811027237,9174841.0,2930.0,7.982757702011113,8584900.0
LP001207,1,1,0,1,1,2609,3449.0,165.0,180.0,0.0,2,0,7.866722285136729,6806881,8.145839612936841,11895601.0,5.10594547390058,27225.0,6058.0,8.709134991587183,36699364.0,5893.0,8.681520484837913,34727449.0
LP001222,0,0,0,0,0,4166,0.0,116.0,360.0,0.0,1,0,8.334711621820917,17355556,-inf,0.0,4.7535901911063645,13456.0,4166.0,8.334711621820917,17355556.0,4050.0,8.306472160100585,16402500.0
LP001225,1,1,0,0,0,5726,4595.0,258.0,360.0,1.0,1,0,8.65277248565806,32787076,8.432724034789787,21114025.0,5.552959584921617,66564.0,10321.0,9.241935933565934,106523041.0,10063.0,9.216620609933333,101263969.0
LP001228,1,0,0,1,0,3200,2254.0,126.0,180.0,0.0,0,0,8.070906088787819,10240000,7.720461694599722,5080516.0,4.836281906951478,15876.0,5454.0,8.604104563405533,29746116.0,5328.0,8.580731212220226,28387584.0
LP001233,1,1,1,0,0,10750,0.0,312.0,360.0,1.0,0,1,9.28266103355581,115562500,-inf,0.0,5.7430031878094825,97344.0,10750.0,9.28266103355581,115562500.0,10438.0,9.25320827220336,108951844.0
LP001238,1,1,3,1,1,7100,0.0,125.0,60.0,1.0,0,1,8.867850063029406,50410000,-inf,0.0,4.8283137373023015,15625.0,7100.0,8.867850063029406,50410000.0,6975.0,8.850087606689566,48650625.0
LP001241,0,0,0,0,0,4300,0.0,136.0,360.0,0.0,1,0,8.366370301681654,18490000,-inf,0.0,4.912654885736052,18496.0,4300.0,8.366370301681654,18490000.0,4164.0,8.33423142973486,17338896.0
LP001243,1,1,0,0,0,3208,3066.0,172.0,360.0,1.0,0,1,8.073402968986406,10291264,8.028129059431759,9400356.0,5.147494476813453,29584.0,6274.0,8.744169388750624,39363076.0,6102.0,8.716371865276615,37234404.0
LP001245,1,1,2,1,1,1875,1875.0,97.0,360.0,1.0,1,1,7.536363938404511,3515625,7.536363938404511,3515625.0,4.574710978503383,9409.0,3750.0,8.229511118964457,14062500.0,3653.0,8.203304026795282,13344409.0
LP001248,1,0,0,0,0,3500,0.0,81.0,300.0,1.0,1,1,8.160518247477505,12250000,-inf,0.0,4.394449154672439,6561.0,3500.0,8.160518247477505,12250000.0,3419.0,8.137103389639302,11689561.0
LP001253,1,1,3,0,1,5266,1774.0,187.0,360.0,1.0,1,1,8.569026340056254,27730756,7.480992162869525,3147076.0,5.231108616854587,34969.0,7040.0,8.859363449152088,49561600.0,6853.0,8.832441791585824,46963609.0
LP001255,1,0,0,0,0,3750,0.0,113.0,480.0,1.0,0,0,8.229511118964457,14062500,-inf,0.0,4.727387818712341,12769.0,3750.0,8.229511118964457,14062500.0,3637.0,8.19891444498699,13227769.0
LP001256,1,0,0,0,0,3750,4750.0,176.0,360.0,1.0,0,0,8.229511118964457,14062500,8.465899897028686,22562500.0,5.170483995038151,30976.0,8500.0,9.047821442478408,72250000.0,8324.0,9.026898187513526,69288976.0
LP001259,1,1,1,0,1,1000,3022.0,110.0,360.0,1.0,0,0,6.907755278982137,1000000,8.013674142832684,9132484.0,4.700480365792417,12100.0,4022.0,8.299534570332597,16176484.0,3912.0,8.271804031154709,15303744.0
LP001263,1,1,3,0,0,3167,4000.0,180.0,300.0,0.0,1,0,8.06054004653864,10029889,8.294049640102028,16000000.0,5.19295685089021,32400.0,7167.0,8.877242435993919,51365889.0,6987.0,8.85180655855245,48818169.0
LP001265,0,0,0,0,0,3846,0.0,111.0,360.0,1.0,1,1,8.254788926148725,14791716,-inf,0.0,4.709530201312334,12321.0,3846.0,8.254788926148725,14791716.0,3735.0,8.225503097566918,13950225.0
LP001267,0,1,2,0,0,1378,1881.0,167.0,360.0,1.0,0,0,7.228388451573604,1898884,7.53955882930103,3538161.0,5.117993812416755,27889.0,3259.0,8.089175678837561,10621081.0,3092.0,8.036573409707312,9560464.0
LP001275,1,1,1,0,0,3988,0.0,50.0,240.0,1.0,0,1,8.291045131081729,15904144,-inf,0.0,3.912023005428146,2500.0,3988.0,8.291045131081729,15904144.0,3938.0,8.278428259199071,15507844.0
LP001279,1,0,0,0,0,2366,2531.0,136.0,360.0,1.0,1,1,7.768956044538332,5597956,7.836369760545124,6405961.0,4.912654885736052,18496.0,4897.0,8.496378051702317,23980609.0,4761.0,8.46821300919452,22667121.0
LP001282,1,1,0,0,0,2500,2118.0,104.0,360.0,1.0,1,1,7.824046010856292,6250000,7.658227526161352,4485924.0,4.6443908991413725,10816.0,4618.0,8.43771698991444,21325924.0,4514.0,8.414938957377482,20376196.0
LP001289,1,0,0,0,0,8566,0.0,210.0,360.0,1.0,0,1,9.055556158175316,73376356,-inf,0.0,5.3471075307174685,44100.0,8566.0,9.055556158175316,73376356.0,8356.0,9.030735122676456,69822736.0
LP001310,1,1,0,0,0,5695,4167.0,175.0,360.0,1.0,1,1,8.647343875881283,32433025,8.334951631422454,17363889.0,5.1647859739235145,30625.0,9862.0,9.196444266784072,97259044.0,9687.0,9.178540059426386,93837969.0
LP001316,1,1,0,0,0,2958,2900.0,131.0,360.0,1.0,1,1,7.992268643270745,8749764,7.9724660159745655,8410000.0,4.875197323201151,17161.0,5858.0,8.675563527387679,34316164.0,5727.0,8.652947112393857,32798529.0
LP001318,1,1,2,0,0,6250,5654.0,188.0,180.0,1.0,1,1,8.740336742730447,39062500,8.640118538253535,31967716.0,5.236441962829949,35344.0,11904.0,9.384629757072872,141705216.0,11716.0,9.368710707947624,137264656.0
LP001319,1,1,2,1,0,3273,1820.0,81.0,360.0,1.0,0,1,8.09346227450118,10712529,7.506591780070841,3312400.0,4.394449154672439,6561.0,5093.0,8.535622326884605,25938649.0,5012.0,8.51959031601596,25120144.0
LP001322,1,0,0,0,0,4133,0.0,122.0,360.0,1.0,1,1,8.326758814511733,17081689,-inf,0.0,4.804021044733257,14884.0,4133.0,8.326758814511733,17081689.0,4011.0,8.296795865770052,16088121.0
LP001325,1,0,0,1,0,3620,0.0,25.0,120.0,1.0,1,1,8.194229304819817,13104400,-inf,0.0,3.2188758248682006,625.0,3620.0,8.194229304819817,13104400.0,3595.0,8.187299270155147,12924025.0
LP001327,0,1,0,0,0,2484,2302.0,137.0,360.0,1.0,1,1,7.81762544305337,6170256,7.741533589281828,5299204.0,4.919980925828125,18769.0,4786.0,8.47345026846832,22905796.0,4649.0,8.444407421690585,21613201.0
LP001333,1,1,0,0,0,1977,997.0,50.0,360.0,1.0,1,1,7.589335823170617,3908529,6.904750769961838,994009.0,3.912023005428146,2500.0,2974.0,7.9976631270201,8844676.0,2924.0,7.980707820869669,8549776.0
LP001334,1,1,0,1,0,4188,0.0,115.0,180.0,1.0,1,1,8.339978571990427,17539344,-inf,0.0,4.74493212836325,13225.0,4188.0,8.339978571990427,17539344.0,4073.0,8.312135107648412,16589329.0
LP001343,1,1,0,0,0,1759,3541.0,131.0,360.0,1.0,1,1,7.472500744737558,3094081,8.172164452111904,12538681.0,4.875197323201151,17161.0,5300.0,8.575462099540212,28090000.0,5169.0,8.550434525196039,26718561.0
LP001345,1,1,2,1,0,4288,3263.0,133.0,180.0,1.0,0,1,8.363575702750637,18386944,8.09040229659332,10647169.0,4.890349128221754,17689.0,7551.0,8.929435283803425,57017601.0,7418.0,8.911664758049536,55026724.0
LP001349,1,0,0,0,0,4843,3806.0,151.0,360.0,1.0,1,1,8.48528964240323,23454649,8.244334047856094,14485636.0,5.017279836814924,22801.0,8649.0,9.065198986306513,74805201.0,8498.0,9.047586120674756,72216004.0
LP001367,1,1,1,0,0,3052,1030.0,100.0,360.0,1.0,0,1,8.023552392404348,9314704,6.937314081223682,1060900.0,4.605170185988092,10000.0,4082.0,8.31434234336979,16662724.0,3982.0,8.289539484624141,15856324.0
LP001369,1,1,2,0,0,11417,1126.0,225.0,360.0,1.0,0,1,9.342858751676328,130347889,7.026426808699636,1267876.0,5.41610040220442,50625.0,12543.0,9.436918020024674,157326849.0,12318.0,9.418816886246988,151733124.0
LP001379,1,1,2,0,0,3800,3600.0,216.0,360.0,0.0,0,0,8.242756345714477,14440000,8.1886891244442,12960000.0,5.375278407684165,46656.0,7400.0,8.909235279192261,54760000.0,7184.0,8.879611609982035,51609856.0
LP001384,1,1,3,1,0,2071,754.0,94.0,480.0,1.0,1,1,7.635786861395585,4289041,6.625392368007956,568516.0,4.543294782270004,8836.0,2825.0,7.946263643580541,7980625.0,2731.0,7.912423121473705,7458361.0
LP001385,1,0,0,0,0,5316,0.0,136.0,360.0,1.0,0,1,8.578476419833136,28259856,-inf,0.0,4.912654885736052,18496.0,5316.0,8.578476419833136,28259856.0,5180.0,8.55256033525353,26832400.0
LP001401,1,1,1,0,0,14583,0.0,185.0,180.0,1.0,2,1,9.587611745713565,212663889,-inf,0.0,5.220355825078324,34225.0,14583.0,9.587611745713565,212663889.0,14398.0,9.574844587029249,207302404.0
LP001404,0,1,0,0,0,3167,2283.0,154.0,360.0,1.0,1,1,8.06054004653864,10029889,7.733245646529795,5212089.0,5.0369526024136295,23716.0,5450.0,8.60337088765729,29702500.0,5296.0,8.574707097616844,28047616.0
LP001421,1,1,0,0,0,5568,2142.0,175.0,360.0,1.0,2,0,8.624791202014256,31002624,7.669495251007694,4588164.0,5.1647859739235145,30625.0,7710.0,8.950273466557375,59444100.0,7535.0,8.927314111060596,56776225.0
LP001422,0,0,0,0,0,10408,0.0,259.0,360.0,1.0,0,1,9.250330020192342,108326464,-inf,0.0,5.556828061699537,67081.0,10408.0,9.250330020192342,108326464.0,10149.0,9.225130457448818,103002201.0
LP001430,0,0,0,0,0,4166,0.0,44.0,360.0,1.0,1,1,8.334711621820917,17355556,-inf,0.0,3.784189633918261,1936.0,4166.0,8.334711621820917,17355556.0,4122.0,8.324093761450404,16990884.0
LP001431,0,0,0,0,0,2137,8980.0,137.0,360.0,0.0,1,1,7.667158255319148,4566769,9.102755161296246,80640400.0,4.919980925828125,18769.0,11117.0,9.316230747233615,123587689.0,10980.0,9.30383071506352,120560400.0
LP001432,1,1,2,0,0,2957,0.0,81.0,360.0,1.0,1,1,7.9919305198524775,8743849,-inf,0.0,4.394449154672439,6561.0,2957.0,7.9919305198524775,8743849.0,2876.0,7.964155718840937,8271376.0
LP001439,1,1,0,1,0,4300,2014.0,194.0,360.0,1.0,2,1,8.366370301681654,18490000,7.607878073278507,4056196.0,5.267858159063328,37636.0,6314.0,8.750524669117937,39866596.0,6120.0,8.719317375506371,37454400.0
LP001451,1,1,1,0,1,10513,3850.0,160.0,180.0,0.0,0,0,9.26036786557583,110523169,8.25582842728183,14822500.0,5.075173815233827,25600.0,14363.0,9.572410734431823,206295769.0,14203.0,9.561208488881128,201725209.0
LP001473,1,0,0,0,0,2014,1929.0,74.0,360.0,1.0,0,1,7.607878073278507,4056196,7.564757012905729,3721041.0,4.30406509320417,5476.0,3943.0,8.279697133877628,15547249.0,3869.0,8.260751354700513,14969161.0
LP001478,1,0,0,0,0,2718,0.0,70.0,360.0,1.0,1,1,7.907651594711089,7387524,-inf,0.0,4.248495242049359,4900.0,2718.0,7.907651594711089,7387524.0,2648.0,7.881559917056899,7011904.0
LP001482,1,1,0,0,1,3459,0.0,25.0,120.0,1.0,1,1,8.148734808937169,11964681,-inf,0.0,3.2188758248682006,625.0,3459.0,8.148734808937169,11964681.0,3434.0,8.141481041457421,11792356.0
LP001487,1,0,0,0,0,4895,0.0,102.0,360.0,1.0,1,1,8.49596955496461,23961025,-inf,0.0,4.624972813284271,10404.0,4895.0,8.49596955496461,23961025.0,4793.0,8.474911799159631,22972849.0
LP001488,1,1,3,0,0,4000,7750.0,290.0,360.0,1.0,1,0,8.294049640102028,16000000,8.955448122347393,60062500.0,5.66988092298052,84100.0,11750.0,9.371608519572305,138062500.0,11460.0,9.346617990268731,131331600.0
LP001489,0,1,0,0,0,4583,0.0,84.0,360.0,1.0,2,0,8.430109084509125,21003889,-inf,0.0,4.430816798843313,7056.0,4583.0,8.430109084509125,21003889.0,4499.0,8.411610428841172,20241001.0
LP001491,1,1,2,0,1,3316,3500.0,88.0,360.0,1.0,0,1,8.106514516255185,10995856,8.160518247477505,12250000.0,4.477336814478207,7744.0,6816.0,8.827028068509152,46457856.0,6728.0,8.814033201652784,45265984.0
LP001492,1,0,0,0,0,14999,0.0,242.0,360.0,0.0,1,0,9.61573881119536,224970001,-inf,0.0,5.488937726156687,58564.0,14999.0,9.61573881119536,224970001.0,14757.0,9.59947282546345,217769049.0
LP001493,1,1,2,1,0,4200,1430.0,129.0,360.0,1.0,2,0,8.34283980427146,17640000,7.265429723253953,2044900.0,4.859812404361672,16641.0,5630.0,8.635864721133736,31696900.0,5501.0,8.612685172875459,30261001.0
LP001497,1,1,2,0,0,5042,2083.0,185.0,360.0,1.0,2,0,8.525558107747866,25421764,7.641564441260972,4338889.0,5.220355825078324,34225.0,7125.0,8.871365005136852,50765625.0,6940.0,8.84505705350085,48163600.0
LP001498,1,0,0,0,0,5417,0.0,168.0,360.0,1.0,0,1,8.597297435657898,29343889,-inf,0.0,5.123963979403259,28224.0,5417.0,8.597297435657898,29343889.0,5249.0,8.5657928612523,27552001.0
LP001504,1,0,0,0,1,6950,0.0,175.0,180.0,1.0,1,1,8.846496938558838,48302500,-inf,0.0,5.1647859739235145,30625.0,6950.0,8.846496938558838,48302500.0,6775.0,8.820994645747902,45900625.0
LP001507,1,1,0,0,0,2698,2034.0,122.0,360.0,1.0,1,1,7.900266036767701,7279204,7.617759576608505,4137156.0,4.804021044733257,14884.0,4732.0,8.462103225098277,22391824.0,4610.0,8.435983135990694,21252100.0
LP001508,1,1,2,0,0,11757,0.0,187.0,180.0,1.0,0,1,9.372204086867741,138227049,-inf,0.0,5.231108616854587,34969.0,11757.0,9.372204086867741,138227049.0,11570.0,9.356170820187723,133864900.0
LP001514,0,1,0,0,0,2330,4486.0,100.0,360.0,1.0,1,1,7.753623546559746,5428900,8.408716715080153,20124196.0,4.605170185988092,10000.0,6816.0,8.827028068509152,46457856.0,6716.0,8.812248018197431,45104656.0
LP001516,0,1,2,0,0,14866,0.0,70.0,360.0,1.0,0,1,9.60683200528524,220997956,-inf,0.0,4.248495242049359,4900.0,14866.0,9.60683200528524,220997956.0,14796.0,9.602112152952344,218921616.0
LP001518,1,1,1,0,0,1538,1425.0,30.0,360.0,1.0,0,1,7.338238150065589,2365444,7.261927092702751,2030625.0,3.4011973816621555,900.0,2963.0,7.993957547573565,8779369.0,2933.0,7.983781068977451,8602489.0
LP001519,0,0,0,0,0,10000,1666.0,225.0,360.0,1.0,2,0,9.210340371976184,100000000,7.418180822726788,2775556.0,5.41610040220442,50625.0,11666.0,9.364433907313582,136095556.0,11441.0,9.344958673700944,130896481.0
LP001520,1,1,0,0,0,4860,830.0,125.0,360.0,1.0,1,1,8.48879371689454,23619600,6.721425700790643,688900.0,4.8283137373023015,15625.0,5690.0,8.646465527120377,32376100.0,5565.0,8.624252263709645,30969225.0
LP001528,1,0,0,0,0,6277,0.0,118.0,360.0,0.0,2,0,8.744647438317532,39400729,-inf,0.0,4.770684624465665,13924.0,6277.0,8.744647438317532,39400729.0,6159.0,8.725669705687043,37933281.0
LP001529,1,1,0,0,1,2577,3750.0,152.0,360.0,1.0,2,1,7.854381210652365,6640929,8.229511118964457,14062500.0,5.0238805208462765,23104.0,6327.0,8.752581469146884,40030929.0,6175.0,8.728264161496178,38130625.0
LP001531,1,0,0,0,0,9166,0.0,244.0,360.0,1.0,0,0,9.123256265069069,84015556,-inf,0.0,5.497168225293202,59536.0,9166.0,9.123256265069069,84015556.0,8922.0,9.09627541568821,79602084.0
LP001532,1,1,2,1,0,2281,0.0,113.0,360.0,1.0,2,0,7.732369222284388,5202961,-inf,0.0,4.727387818712341,12769.0,2281.0,7.732369222284388,5202961.0,2168.0,7.681560362559537,4700224.0
LP001535,1,0,0,0,0,3254,0.0,50.0,360.0,1.0,0,1,8.087640287778983,10588516,-inf,0.0,3.912023005428146,2500.0,3254.0,8.087640287778983,10588516.0,3204.0,8.07215530818825,10265616.0
LP001536,1,1,3,0,0,39999,0.0,600.0,180.0,0.0,1,1,10.596609732783568,1599920001,-inf,0.0,6.396929655216146,360000.0,39999.0,10.596609732783568,1599920001.0,39399.0,10.58149571425327,1552281201.0
LP001543,1,1,1,0,0,9538,0.0,187.0,360.0,1.0,0,1,9.16303909885817,90973444,-inf,0.0,5.231108616854587,34969.0,9538.0,9.16303909885817,90973444.0,9351.0,9.143238568435446,87441201.0
LP001552,1,1,0,0,0,4583,5625.0,255.0,360.0,1.0,1,1,8.430109084509125,21003889,8.63497622707262,31640625.0,5.541263545158426,65025.0,10208.0,9.23092700558457,104203264.0,9953.0,9.205629292246064,99062209.0
LP001560,1,1,0,1,0,1863,1041.0,98.0,360.0,1.0,1,1,7.529943370601589,3470769,6.947937068614969,1083681.0,4.584967478670572,9604.0,2904.0,7.973844375944687,8433216.0,2806.0,7.939515260662406,7873636.0
LP001562,1,1,0,0,0,7933,0.0,275.0,360.0,1.0,0,0,8.978786553302003,62932489,-inf,0.0,5.616771097666572,75625.0,7933.0,8.978786553302003,62932489.0,7658.0,8.943506132037239,58644964.0
LP001565,1,1,1,0,0,3089,1280.0,121.0,360.0,0.0,1,0,8.035602692918582,9541921,7.154615356913663,1638400.0,4.795790545596741,14641.0,4369.0,8.382289428951436,19088161.0,4248.0,8.354203562921775,18045504.0
LP001570,1,1,2,0,0,4167,1447.0,158.0,360.0,1.0,2,1,8.334951631422454,17363889,7.277247726631484,2093809.0,5.062595033026967,24964.0,5614.0,8.633018756921828,31516996.0,5456.0,8.604471199523298,29767936.0
LP001572,1,1,0,0,0,9323,0.0,75.0,180.0,1.0,0,1,9.140239744296693,86918329,-inf,0.0,4.31748811353631,5625.0,9323.0,9.140239744296693,86918329.0,9248.0,9.13216259091216,85525504.0
LP001577,0,1,0,0,0,4583,0.0,112.0,360.0,1.0,2,0,8.430109084509125,21003889,-inf,0.0,4.718498871295094,12544.0,4583.0,8.430109084509125,21003889.0,4471.0,8.405367376233981,19989841.0
LP001578,1,1,0,0,0,2439,3333.0,129.0,360.0,1.0,2,1,7.79934339821592,5948721,8.11162807830774,11108889.0,4.859812404361672,16641.0,5772.0,8.660773919893762,33315984.0,5643.0,8.63817111796914,31843449.0
LP001579,1,0,0,0,0,2237,0.0,63.0,480.0,0.0,1,0,7.71289096149013,5004169,-inf,0.0,4.143134726391533,3969.0,2237.0,7.71289096149013,5004169.0,2174.0,7.684324067681155,4726276.0
LP001580,1,1,2,0,0,8000,0.0,200.0,360.0,1.0,1,1,8.987196820661973,64000000,-inf,0.0,5.298317366548036,40000.0,8000.0,8.987196820661973,64000000.0,7800.0,8.961879012677683,60840000.0
LP001586,1,1,3,1,0,3522,0.0,81.0,180.0,1.0,2,0,8.166784289056151,12404484,-inf,0.0,4.394449154672439,6561.0,3522.0,8.166784289056151,12404484.0,3441.0,8.14351740579748,11840481.0
LP001594,1,1,0,0,0,5708,5625.0,187.0,360.0,1.0,1,1,8.649623978596727,32581264,8.63497622707262,31640625.0,5.231108616854587,34969.0,11333.0,9.335474102732949,128436889.0,11146.0,9.318835968129482,124233316.0
LP001603,1,1,0,1,1,4344,736.0,87.0,360.0,1.0,1,0,8.37655086161377,18870336,6.601230118728877,541696.0,4.465908118654584,7569.0,5080.0,8.533066540572527,25806400.0,4993.0,8.51579221050061,24930049.0
LP001606,1,1,0,0,0,3497,1964.0,116.0,360.0,1.0,2,1,8.159660737063376,12229009,7.582738488914411,3857296.0,4.7535901911063645,13456.0,5461.0,8.605387202152153,29822521.0,5345.0,8.583916823459145,28569025.0
LP001608,1,1,2,0,0,2045,1619.0,101.0,360.0,1.0,2,1,7.623153068476902,4182025,7.389563953677635,2621161.0,4.61512051684126,10201.0,3664.0,8.20631072579402,13424896.0,3563.0,8.178358165605836,12694969.0
LP001610,1,1,3,0,0,5516,11300.0,495.0,360.0,0.0,1,0,8.615408238913192,30426256,9.332558004700433,127690000.0,6.20455776256869,245025.0,16816.0,9.730086093116732,282777856.0,16321.0,9.700207901150696,266375041.0
LP001616,1,1,1,0,0,3750,0.0,116.0,360.0,1.0,1,1,8.229511118964457,14062500,-inf,0.0,4.7535901911063645,13456.0,3750.0,8.229511118964457,14062500.0,3634.0,8.198089248956116,13205956.0
LP001630,1,0,0,1,0,2333,1451.0,102.0,480.0,0.0,0,0,7.75491027202143,5442889,7.280008252884188,2105401.0,4.624972813284271,10404.0,3784.0,8.238536930171769,14318656.0,3682.0,8.211211361793023,13557124.0
LP001633,1,1,1,0,0,6400,7250.0,180.0,360.0,0.0,0,0,8.764053269347762,40960000,8.88875674784872,52562500.0,5.19295685089021,32400.0,13650.0,9.521494800613105,186322500.0,13470.0,9.50822026940441,181440900.0
LP001636,1,1,0,0,0,4600,0.0,73.0,180.0,1.0,1,1,8.433811582477187,21160000,-inf,0.0,4.290459441148391,5329.0,4600.0,8.433811582477187,21160000.0,4527.0,8.417814747435958,20493729.0
LP001637,1,1,1,0,0,33846,0.0,260.0,360.0,1.0,1,0,10.429576102968031,1145551716,-inf,0.0,5.560681631015528,67600.0,33846.0,10.429576102968031,1145551716.0,33586.0,10.421864592454954,1128019396.0
LP001639,0,1,0,0,0,3625,0.0,108.0,360.0,1.0,1,1,8.195609567288775,13140625,-inf,0.0,4.68213122712422,11664.0,3625.0,8.195609567288775,13140625.0,3517.0,8.165363632473982,12369289.0
LP001640,1,1,0,0,1,39147,4750.0,120.0,360.0,1.0,1,1,10.575079070130357,1532487609,8.465899897028686,22562500.0,4.787491742782046,14400.0,43897.0,10.689601259598334,1926946609.0,43777.0,10.686863844288563,1916425729.0
LP001641,1,1,1,0,1,2178,0.0,66.0,300.0,0.0,2,0,7.686162303492906,4743684,-inf,0.0,4.189654742026425,4356.0,2178.0,7.686162303492906,4743684.0,2112.0,7.655390644826152,4460544.0
LP001647,1,1,0,0,0,9328,0.0,188.0,180.0,1.0,2,1,9.140775908590273,87011584,-inf,0.0,5.236441962829949,35344.0,9328.0,9.140775908590273,87011584.0,9140.0,9.120415664448196,83539600.0
LP001653,1,0,0,1,0,4885,0.0,48.0,360.0,1.0,2,1,8.493924564476883,23863225,-inf,0.0,3.871201010907891,2304.0,4885.0,8.493924564476883,23863225.0,4837.0,8.484049972822984,23396569.0
LP001656,1,0,0,0,0,12000,0.0,164.0,360.0,1.0,1,0,9.392661928770137,144000000,-inf,0.0,5.099866427824199,26896.0,12000.0,9.392661928770137,144000000.0,11836.0,9.3789010135201,140090896.0
LP001657,1,1,0,1,0,6033,0.0,160.0,360.0,1.0,0,0,8.704999678440762,36397089,-inf,0.0,5.075173815233827,25600.0,6033.0,8.704999678440762,36397089.0,5873.0,8.67812085552252,34492129.0
LP001658,1,0,0,0,0,3858,0.0,76.0,360.0,1.0,1,1,8.257904193465674,14884164,-inf,0.0,4.330733340286331,5776.0,3858.0,8.257904193465674,14884164.0,3782.0,8.238008249218403,14303524.0
LP001664,1,0,0,0,0,4191,0.0,120.0,360.0,1.0,2,1,8.340694647925071,17564481,-inf,0.0,4.787491742782046,14400.0,4191.0,8.340694647925071,17564481.0,4071.0,8.31164394850298,16573041.0
LP001665,1,1,1,0,0,3125,2583.0,170.0,360.0,1.0,1,0,8.047189562170502,9765625,7.8567067930958405,6671889.0,5.135798437050262,28900.0,5708.0,8.649623978596727,32581264.0,5538.0,8.619388703730907,30669444.0
LP001666,1,0,0,0,0,8333,3750.0,187.0,360.0,1.0,2,1,9.027978814382207,69438889,8.229511118964457,14062500.0,5.231108616854587,34969.0,12083.0,9.399554785027307,145998889.0,11896.0,9.383957488139991,141514816.0
LP001673,1,0,0,0,1,11000,0.0,83.0,360.0,1.0,0,0,9.305650551780507,121000000,-inf,0.0,4.418840607796598,6889.0,11000.0,9.305650551780507,121000000.0,10917.0,9.29807648628027,119180889.0
LP001674,1,1,1,1,0,2600,2500.0,90.0,360.0,1.0,1,1,7.8632667240095735,6760000,7.824046010856292,6250000.0,4.499809670330265,8100.0,5100.0,8.536995818712418,26010000.0,5010.0,8.51919119407891,25100100.0
LP001677,1,0,2,0,0,4923,0.0,166.0,360.0,0.0,1,1,8.5016733797582,24235929,-inf,0.0,5.111987788356544,27556.0,4923.0,8.5016733797582,24235929.0,4757.0,8.467372496432281,22629049.0
LP001688,1,1,1,1,0,3500,1083.0,135.0,360.0,1.0,0,1,8.160518247477505,12250000,6.9874902470009905,1172889.0,4.90527477843843,18225.0,4583.0,8.430109084509125,21003889.0,4448.0,8.400209835930418,19784704.0
LP001691,1,1,2,1,0,3917,0.0,124.0,360.0,1.0,1,1,8.27308133366583,15342889,-inf,0.0,4.820281565605037,15376.0,3917.0,8.27308133366583,15342889.0,3793.0,8.2409125416889,14386849.0
LP001692,0,0,0,1,0,4408,0.0,120.0,360.0,1.0,1,1,8.391176350832751,19430464,-inf,0.0,4.787491742782046,14400.0,4408.0,8.391176350832751,19430464.0,4288.0,8.363575702750637,18386944.0
LP001693,0,0,0,0,0,3244,0.0,80.0,360.0,1.0,0,1,8.084562415235304,10523536,-inf,0.0,4.382026634673881,6400.0,3244.0,8.084562415235304,10523536.0,3164.0,8.059592328887545,10010896.0
LP001698,1,0,0,1,0,3975,2531.0,55.0,360.0,1.0,2,1,8.287780027088433,15800625,7.836369760545124,6405961.0,4.007333185232471,3025.0,6506.0,8.780480107033297,42328036.0,6451.0,8.771990436532242,41615401.0
LP001699,1,0,0,0,0,2479,0.0,59.0,360.0,1.0,0,1,7.8156105320351905,6145441,-inf,0.0,4.07753744390572,3481.0,2479.0,7.8156105320351905,6145441.0,2420.0,7.791522819150732,5856400.0
LP001702,1,0,0,0,0,3418,0.0,127.0,360.0,1.0,1,0,8.136810863675537,11682724,-inf,0.0,4.844187086458591,16129.0,3418.0,8.136810863675537,11682724.0,3291.0,8.098946748943339,10830681.0
LP001708,0,0,0,0,0,10000,0.0,214.0,360.0,1.0,1,0,9.210340371976184,100000000,-inf,0.0,5.365976015021851,45796.0,10000.0,9.210340371976184,100000000.0,9786.0,9.188708071849069,95765796.0
LP001711,1,1,3,0,0,3430,1250.0,128.0,360.0,0.0,1,0,8.140315540159985,11764900,7.1308988302963465,1562500.0,4.852030263919617,16384.0,4680.0,8.451053388911692,21902400.0,4552.0,8.423321975806166,20720704.0
LP001713,1,1,1,0,1,7787,0.0,240.0,360.0,1.0,0,1,8.960210955576986,60637369,-inf,0.0,5.480638923341991,57600.0,7787.0,8.960210955576986,60637369.0,7547.0,8.928905412284868,56957209.0
LP001715,1,1,3,1,1,5703,0.0,130.0,360.0,1.0,2,1,8.648747631156539,32524209,-inf,0.0,4.867534450455582,16900.0,5703.0,8.648747631156539,32524209.0,5573.0,8.625688787569537,31058329.0
LP001716,1,1,0,0,0,3173,3021.0,137.0,360.0,1.0,0,1,8.062432791583195,10067929,8.013343181386672,9126441.0,4.919980925828125,18769.0,6194.0,8.731336360533149,38365636.0,6057.0,8.708969906980947,36687249.0
LP001720,1,1,3,1,0,3850,983.0,100.0,360.0,1.0,1,1,8.25582842728183,14822500,6.890609120147166,966289.0,4.605170185988092,10000.0,4833.0,8.483222671845084,23357889.0,4733.0,8.462314529906248,22401289.0
LP001722,1,1,0,0,0,150,1800.0,135.0,360.0,1.0,2,0,5.0106352940962555,22500,7.495541943884256,3240000.0,4.90527477843843,18225.0,1950.0,7.575584651557793,3802500.0,1815.0,7.503840746698951,3294225.0
LP001726,1,1,0,0,0,3727,1775.0,131.0,360.0,1.0,1,1,8.223358899479258,13890529,7.4815557019095165,3150625.0,4.875197323201151,17161.0,5502.0,8.61286694148452,30272004.0,5371.0,8.58876938990546,28847641.0
LP001736,1,1,0,0,0,2221,0.0,60.0,360.0,0.0,0,0,7.7057128238944275,4932841,-inf,0.0,4.0943445622221,3600.0,2221.0,7.7057128238944275,4932841.0,2161.0,7.6783263565068856,4669921.0
LP001743,1,1,2,0,0,4009,1717.0,116.0,360.0,1.0,1,1,8.296297112642508,16072081,7.448333860897476,2948089.0,4.7535901911063645,13456.0,5726.0,8.65277248565806,32787076.0,5610.0,8.632305998516742,31472100.0
LP001744,1,0,0,0,0,2971,2791.0,144.0,360.0,1.0,1,1,7.9966538754626075,8826841,7.934155233536322,7789681.0,4.969813299576001,20736.0,5762.0,8.659039915644474,33200644.0,5618.0,8.633731007664188,31561924.0
LP001750,1,1,0,0,0,6250,0.0,128.0,360.0,1.0,1,1,8.740336742730447,39062500,-inf,0.0,4.852030263919617,16384.0,6250.0,8.740336742730447,39062500.0,6122.0,8.719644119505357,37478884.0
LP001751,1,1,0,0,0,3250,0.0,170.0,360.0,1.0,2,0,8.086410275323782,10562500,-inf,0.0,5.135798437050262,28900.0,3250.0,8.086410275323782,10562500.0,3080.0,8.03268487596762,9486400.0
LP001758,1,1,2,0,0,6250,1695.0,210.0,360.0,1.0,1,1,8.740336742730447,39062500,7.43543801981455,2873025.0,5.3471075307174685,44100.0,7945.0,8.980298078970817,63123025.0,7735.0,8.953510763007166,59830225.0
LP001761,1,0,0,0,1,6400,0.0,200.0,360.0,1.0,2,1,8.764053269347762,40960000,-inf,0.0,5.298317366548036,40000.0,6400.0,8.764053269347762,40960000.0,6200.0,8.732304571033183,38440000.0
LP001765,1,1,1,0,0,2491,2054.0,104.0,360.0,1.0,1,1,7.820439515262181,6205081,7.627544390488503,4218916.0,4.6443908991413725,10816.0,4545.0,8.421783006611578,20657025.0,4441.0,8.398634855292102,19722481.0
LP001776,0,0,0,0,0,8333,0.0,280.0,360.0,1.0,1,1,9.027978814382207,69438889,-inf,0.0,5.634789603169249,78400.0,8333.0,9.027978814382207,69438889.0,8053.0,8.993799971795545,64850809.0
LP001778,1,1,1,0,0,3155,1779.0,140.0,360.0,1.0,1,1,8.056743774975313,9954025,7.483806687665835,3164841.0,4.941642422609304,19600.0,4934.0,8.503905297089302,24344356.0,4794.0,8.475120414994329,22982436.0
LP001784,1,1,1,0,0,5500,1260.0,170.0,360.0,1.0,2,1,8.612503371220562,30250000,7.138866999945524,1587600.0,5.135798437050262,28900.0,6760.0,8.81877816903701,45697600.0,6590.0,8.793308627496552,43428100.0
LP001790,0,0,1,0,0,3812,0.0,112.0,360.0,1.0,2,1,8.245909264774093,14531344,-inf,0.0,4.718498871295094,12544.0,3812.0,8.245909264774093,14531344.0,3700.0,8.216088098632316,13690000.0
LP001792,1,1,1,0,0,3315,0.0,96.0,360.0,1.0,1,1,8.106212902619962,10989225,-inf,0.0,4.564348191467836,9216.0,3315.0,8.106212902619962,10989225.0,3219.0,8.076826031298808,10361961.0
LP001798,1,1,2,0,0,5819,5000.0,120.0,360.0,1.0,2,1,8.66888370465667,33860761,8.517193191416238,25000000.0,4.787491742782046,14400.0,10819.0,9.289059126687574,117050761.0,10699.0,9.277905558138606,114468601.0
LP001800,1,1,1,1,0,2510,1983.0,140.0,180.0,1.0,0,0,7.828038032125829,6300100,7.592366128519796,3932289.0,4.941642422609304,19600.0,4493.0,8.41027590907016,20187049.0,4353.0,8.378620541552298,18948609.0
LP001806,1,0,0,0,0,2965,5701.0,155.0,60.0,1.0,0,1,7.994632311431825,8791225,8.648396877031582,32501401.0,5.043425116919247,24025.0,8666.0,9.067162602299854,75099556.0,8511.0,9.049114723476961,72437121.0
LP001807,1,1,2,0,1,6250,1300.0,108.0,360.0,1.0,2,1,8.740336742730447,39062500,7.170119543449628,1690000.0,4.68213122712422,11664.0,7550.0,8.92930284224307,57002500.0,7442.0,8.914894908906568,55383364.0
LP001811,1,1,0,1,0,3406,4417.0,123.0,360.0,1.0,1,1,8.133293861222633,11600836,8.393216011596527,19509889.0,4.812184355372417,15129.0,7823.0,8.96482339168508,61199329.0,7700.0,8.948975607841776,59290000.0
LP001813,1,0,0,0,1,6050,4333.0,120.0,180.0,1.0,0,0,8.707813551024888,36602500,8.374015421739909,18774889.0,4.787491742782046,14400.0,10383.0,9.247925132303454,107806689.0,10263.0,9.236300473645715,105329169.0
LP001814,1,1,2,0,0,9703,0.0,112.0,360.0,1.0,0,1,9.1801903950253,94148209,-inf,0.0,4.718498871295094,12544.0,9703.0,9.1801903950253,94148209.0,9591.0,9.16858043772795,91987281.0
LP001819,1,1,1,1,0,6608,0.0,137.0,180.0,1.0,0,1,8.796036315200814,43665664,-inf,0.0,4.919980925828125,18769.0,6608.0,8.796036315200814,43665664.0,6471.0,8.775085935057266,41873841.0
LP001824,1,1,1,0,0,2882,1843.0,123.0,480.0,1.0,1,1,7.966239776559467,8305924,7.519149957669823,3396649.0,4.812184355372417,15129.0,4725.0,8.460622839927844,22325625.0,4602.0,8.434246270595311,21178404.0
LP001825,1,1,0,0,0,1809,1868.0,90.0,360.0,1.0,0,1,7.500529485395295,3272481,7.532623618788788,3489424.0,4.499809670330265,8100.0,3677.0,8.209852481301272,13520329.0,3587.0,8.185071477532283,12866569.0
LP001835,1,1,0,1,0,1668,3890.0,201.0,360.0,0.0,1,0,7.419380582918692,2782224,8.266164436612492,15132100.0,5.303304908059076,40401.0,5558.0,8.62299361030245,30891364.0,5357.0,8.58615939588096,28697449.0
LP001836,0,0,2,0,0,3427,0.0,138.0,360.0,1.0,0,0,8.139440521874608,11744329,-inf,0.0,4.927253685157205,19044.0,3427.0,8.139440521874608,11744329.0,3289.0,8.098338846189057,10817521.0
LP001841,1,0,0,1,1,2583,2167.0,104.0,360.0,1.0,2,1,7.8567067930958405,6671889,7.681099001536359,4695889.0,4.6443908991413725,10816.0,4750.0,8.465899897028686,22562500.0,4646.0,8.443761913330354,21585316.0
LP001843,1,1,1,1,0,2661,7101.0,279.0,180.0,1.0,1,1,7.886457270977689,7080921,8.867990898182093,50424201.0,5.631211781821365,77841.0,9762.0,9.186252576447092,95296644.0,9483.0,9.157256000883727,89927289.0
LP001844,1,0,0,0,1,16250,0.0,192.0,360.0,0.0,0,0,9.695848187757884,264062500,-inf,0.0,5.2574953720277815,36864.0,16250.0,9.695848187757884,264062500.0,16058.0,9.68396244674463,257859364.0
LP001846,0,0,3,0,0,3083,0.0,255.0,360.0,1.0,2,1,8.03365842788615,9504889,-inf,0.0,5.541263545158426,65025.0,3083.0,8.03365842788615,9504889.0,2828.0,7.947325027016463,7997584.0
LP001849,1,0,0,1,0,6045,0.0,115.0,360.0,0.0,2,0,8.706986763048892,36542025,-inf,0.0,4.74493212836325,13225.0,6045.0,8.706986763048892,36542025.0,5930.0,8.68777949199177,35164900.0
LP001854,1,1,3,0,0,5250,0.0,94.0,360.0,1.0,0,0,8.565983355585669,27562500,-inf,0.0,4.543294782270004,8836.0,5250.0,8.565983355585669,27562500.0,5156.0,8.547916364059079,26584336.0
LP001859,1,1,0,0,0,14683,2100.0,304.0,360.0,1.0,2,0,9.594445640962938,215590489,7.649692623711514,4410000.0,5.717027701406222,92416.0,16783.0,9.72812174830818,281669089.0,16479.0,9.70984212201073,271557441.0
LP001868,1,0,0,0,0,2060,2209.0,134.0,360.0,1.0,1,1,7.630461261783627,4243600,7.700295203420117,4879681.0,4.897839799950911,17956.0,4269.0,8.359134886757962,18224361.0,4135.0,8.327242607457793,17098225.0
LP001870,0,0,1,0,0,3481,0.0,155.0,36.0,1.0,1,0,8.15507488781144,12117361,-inf,0.0,5.043425116919247,24025.0,3481.0,8.15507488781144,12117361.0,3326.0,8.109525659752872,11062276.0
LP001871,0,0,0,0,0,7200,0.0,120.0,360.0,1.0,2,1,8.881836305004146,51840000,-inf,0.0,4.787491742782046,14400.0,7200.0,8.881836305004146,51840000.0,7080.0,8.865029186687766,50126400.0
LP001872,1,0,0,0,1,5166,0.0,128.0,360.0,1.0,1,1,8.549853973655786,26687556,-inf,0.0,4.852030263919617,16384.0,5166.0,8.549853973655786,26687556.0,5038.0,8.524764456912555,25381444.0
LP001875,1,0,0,0,0,4095,3447.0,151.0,360.0,1.0,2,1,8.31752199628717,16769025,8.145259566516865,11881809.0,5.017279836814924,22801.0,7542.0,8.928242677818302,56881764.0,7391.0,8.908018322784887,54626881.0
LP001877,1,1,2,0,0,4708,1387.0,150.0,360.0,1.0,1,1,8.457018468380168,22165264,7.234898420314831,1923769.0,5.0106352940962555,22500.0,6095.0,8.715224041915372,37149025.0,5945.0,8.690305809124883,35343025.0
LP001882,1,1,3,0,0,4333,1811.0,160.0,360.0,0.0,0,1,8.374015421739909,18774889,7.501634457883413,3279721.0,5.075173815233827,25600.0,6144.0,8.723231274827508,37748736.0,5984.0,8.696844519654313,35808256.0
LP001884,0,0,1,0,0,2876,1560.0,90.0,360.0,1.0,0,1,7.964155718840937,8271376,7.352441100243583,2433600.0,4.499809670330265,8100.0,4436.0,8.397508348470257,19678096.0,4346.0,8.377011160816375,18887716.0
LP001888,0,0,0,0,0,3237,0.0,30.0,360.0,1.0,0,1,8.082402253926244,10478169,-inf,0.0,3.4011973816621555,900.0,3237.0,8.082402253926244,10478169.0,3207.0,8.073091199693154,10284849.0
LP001891,1,1,0,0,0,11146,0.0,136.0,360.0,1.0,0,1,9.318835968129482,124233316,-inf,0.0,4.912654885736052,18496.0,11146.0,9.318835968129482,124233316.0,11010.0,9.306559229716726,121220100.0
LP001892,1,0,0,0,0,2833,1857.0,126.0,360.0,1.0,2,1,7.949091499830517,8025889,7.526717561352706,3448449.0,4.836281906951478,15876.0,4690.0,8.453187861440325,21996100.0,4564.0,8.425954710981966,20830096.0
LP001894,1,1,0,0,0,2620,2223.0,150.0,360.0,1.0,1,1,7.8709295967551425,6864400,7.706612913964197,4941729.0,5.0106352940962555,22500.0,4843.0,8.48528964240323,23454649.0,4693.0,8.453827315794417,22024249.0
LP001896,1,1,2,0,0,3900,0.0,90.0,360.0,1.0,1,1,8.268731832117737,15210000,-inf,0.0,4.499809670330265,8100.0,3900.0,8.268731832117737,15210000.0,3810.0,8.245384468120747,14516100.0
LP001900,1,1,1,0,0,2750,1842.0,115.0,360.0,1.0,1,1,7.919356190660617,7562500,7.518607216815252,3392964.0,4.74493212836325,13225.0,4592.0,8.432070937999402,21086464.0,4477.0,8.406708458240965,20043529.0
LP001903,1,1,0,0,0,3993,3274.0,207.0,360.0,1.0,1,1,8.292298107063221,15944049,8.09376775793108,10719076.0,5.332718793265369,42849.0,7267.0,8.891098830616636,52809289.0,7060.0,8.862200330487287,49843600.0
LP001904,1,1,0,0,0,3103,1300.0,80.0,360.0,1.0,0,1,8.04012466444838,9628609,7.170119543449628,1690000.0,4.382026634673881,6400.0,4403.0,8.390041405755754,19386409.0,4323.0,8.371704884667631,18688329.0
LP001907,1,1,0,0,0,14583,0.0,436.0,360.0,1.0,1,1,9.587611745713565,212663889,-inf,0.0,6.077642243349034,190096.0,14583.0,9.587611745713565,212663889.0,14147.0,9.557257866458935,200137609.0
LP001910,1,0,1,1,1,4053,2426.0,158.0,360.0,0.0,0,0,8.307212626628308,16426809,7.793999089503996,5885476.0,5.062595033026967,24964.0,6479.0,8.776321456449958,41977441.0,6321.0,8.751632702472298,39955041.0
LP001914,1,1,0,0,0,3927,800.0,112.0,360.0,1.0,1,1,8.27563105457801,15421329,6.684611727667927,640000.0,4.718498871295094,12544.0,4727.0,8.461046030793236,22344529.0,4615.0,8.437067146936952,21298225.0
LP001915,1,1,2,0,0,2301,985.7999878,78.0,180.0,1.0,0,1,7.741099090035366,5294601,6.893453481895542,971801.6159464803,4.356708826689592,6084.0,3286.7999878,8.097669722345216,10803054.159802081,3208.7999878,8.073652310653799,10296397.36170528
LP001917,0,0,0,0,0,1811,1666.0,54.0,360.0,1.0,0,1,7.501634457883413,3279721,7.418180822726788,2775556.0,3.9889840465642745,2916.0,3477.0,8.153925132007862,12089529.0,3423.0,8.138272638530186,11716929.0
LP001924,1,0,0,0,0,3158,3053.0,89.0,360.0,1.0,2,1,8.057694194815587,9972964,8.023879992734878,9320809.0,4.48863636973214,7921.0,6211.0,8.734077192559303,38576521.0,6122.0,8.719644119505357,37478884.0
LP001925,0,0,0,0,1,2600,1717.0,99.0,300.0,1.0,1,0,7.8632667240095735,6760000,7.448333860897476,2948089.0,4.59511985013459,9801.0,4317.0,8.370315995555478,18636489.0,4218.0,8.34711636103872,17791524.0
LP001926,1,1,0,0,0,3704,2000.0,120.0,360.0,1.0,2,1,8.21716859576607,13719616,7.600902459542082,4000000.0,4.787491742782046,14400.0,5704.0,8.648922962094131,32535616.0,5584.0,8.627660644442209,31181056.0
LP001931,0,0,0,0,0,4124,0.0,115.0,360.0,1.0,1,1,8.32457884513685,17007376,-inf,0.0,4.74493212836325,13225.0,4124.0,8.32457884513685,17007376.0,4009.0,8.296297112642508,16072081.0
LP001935,1,0,0,0,0,9508,0.0,187.0,360.0,1.0,2,1,9.159888828480085,90402064,-inf,0.0,5.231108616854587,34969.0,9508.0,9.159888828480085,90402064.0,9321.0,9.140025198061156,86881041.0
LP001936,1,1,0,0,0,3075,2416.0,139.0,360.0,1.0,2,1,8.031060180240619,9455625,7.789868559054706,5837056.0,4.9344739331306915,19321.0,5491.0,8.610865667278873,30151081.0,5352.0,8.585225601808064,28643904.0
LP001938,1,1,2,0,0,4400,0.0,127.0,360.0,0.0,1,0,8.389359819906353,19360000,-inf,0.0,4.844187086458591,16129.0,4400.0,8.389359819906353,19360000.0,4273.0,8.360071435644025,18258529.0
LP001940,1,1,2,0,0,3153,1560.0,134.0,360.0,1.0,0,1,8.056109659545061,9941409,7.352441100243583,2433600.0,4.897839799950911,17956.0,4713.0,8.45807992692373,22212369.0,4579.0,8.429235912657095,20967241.0
LP001947,1,1,0,0,0,2383,3334.0,172.0,360.0,1.0,1,1,7.776115477098742,5678689,8.111928063310739,11115556.0,5.147494476813453,29584.0,5717.0,8.651199471263972,32684089.0,5545.0,8.620651899784468,30747025.0
LP001953,1,1,1,0,0,6875,0.0,200.0,360.0,1.0,1,1,8.835646922534773,47265625,-inf,0.0,5.298317366548036,40000.0,6875.0,8.835646922534773,47265625.0,6675.0,8.80612448326845,44555625.0
LP001954,0,1,1,0,0,4666,0.0,135.0,360.0,1.0,0,1,8.448057452581375,21771556,-inf,0.0,4.90527477843843,18225.0,4666.0,8.448057452581375,21771556.0,4531.0,8.418697944667139,20529961.0
LP001955,0,0,0,0,0,5000,2541.0,151.0,480.0,1.0,2,0,8.517193191416238,25000000,7.840312983320164,6456681.0,5.017279836814924,22801.0,7541.0,8.928110078202646,56866681.0,7390.0,8.907883013942248,54612100.0
LP001963,1,1,1,0,0,2014,2925.0,113.0,360.0,1.0,0,0,7.607878073278507,4056196,7.981049759665957,8555625.0,4.727387818712341,12769.0,4939.0,8.504918160540624,24393721.0,4826.0,8.481773246184977,23290276.0
LP001964,1,1,0,1,0,1800,2934.0,93.0,360.0,0.0,0,0,7.495541943884256,3240000,7.984121958702927,8608356.0,4.532599493153256,8649.0,4734.0,8.46252579007393,22410756.0,4641.0,8.442685139241176,21538881.0
LP001974,0,0,0,0,0,5000,0.0,132.0,360.0,1.0,2,1,8.517193191416238,25000000,-inf,0.0,4.882801922586371,17424.0,5000.0,8.517193191416238,25000000.0,4868.0,8.490438454107418,23697424.0
LP001977,1,1,1,0,0,1625,1803.0,96.0,360.0,1.0,0,1,7.393263094763838,2640625,7.497207223203318,3250809.0,4.564348191467836,9216.0,3428.0,8.13973227971767,11751184.0,3332.0,8.111328003286733,11102224.0
LP001978,1,0,0,0,0,4000,2500.0,140.0,360.0,1.0,2,1,8.294049640102028,16000000,7.824046010856292,6250000.0,4.941642422609304,19600.0,6500.0,8.779557455883728,42250000.0,6360.0,8.757783656334167,40449600.0
LP001993,0,0,0,0,0,3762,1666.0,135.0,360.0,1.0,2,1,8.232706009860976,14152644,7.418180822726788,2775556.0,4.90527477843843,18225.0,5428.0,8.59932602095476,29463184.0,5293.0,8.574140471857987,28015849.0
LP001994,0,0,0,0,0,2400,1863.0,104.0,360.0,0.0,0,0,7.783224016336037,5760000,7.529943370601589,3470769.0,4.6443908991413725,10816.0,4263.0,8.35772841676521,18173169.0,4159.0,8.33302993974291,17297281.0
LP001996,1,0,0,0,0,20233,0.0,480.0,360.0,1.0,2,0,9.915070213779195,409374289,-inf,0.0,6.173786103901937,230400.0,20233.0,9.915070213779195,409374289.0,19753.0,9.891060657528001,390181009.0
LP002002,0,0,0,0,0,2917,0.0,84.0,360.0,1.0,1,1,7.978310969867722,8508889,-inf,0.0,4.430816798843313,7056.0,2917.0,7.978310969867722,8508889.0,2833.0,7.949091499830517,8025889.0
LP002004,1,0,0,1,0,2927,2405.0,111.0,360.0,1.0,1,1,7.9817332866918855,8567329,7.785305182539862,5784025.0,4.709530201312334,12321.0,5332.0,8.5814816812986,28430224.0,5221.0,8.560444233410552,27258841.0
LP002006,0,0,0,0,0,2507,0.0,56.0,360.0,1.0,2,1,7.826842098158293,6285049,-inf,0.0,4.02535169073515,3136.0,2507.0,7.826842098158293,6285049.0,2451.0,7.804251383528112,6007401.0
LP002031,1,1,1,1,0,3399,1640.0,111.0,180.0,1.0,0,1,8.131236549696116,11553201,7.402451520818244,2689600.0,4.709530201312334,12321.0,5039.0,8.524962928680598,25391521.0,4928.0,8.502688505213357,24285184.0
LP002035,1,1,2,0,0,3717,0.0,120.0,360.0,1.0,1,1,8.220672170297252,13816089,-inf,0.0,4.787491742782046,14400.0,3717.0,8.220672170297252,13816089.0,3597.0,8.187855443695623,12938409.0
LP002050,1,1,1,0,1,10000,0.0,155.0,360.0,1.0,2,0,9.210340371976184,100000000,-inf,0.0,5.043425116919247,24025.0,10000.0,9.210340371976184,100000000.0,9845.0,9.194718991073225,96924025.0
LP002051,1,1,0,0,0,2400,2167.0,115.0,360.0,1.0,1,1,7.783224016336037,5760000,7.681099001536359,4695889.0,4.74493212836325,13225.0,4567.0,8.426611813185,20857489.0,4452.0,8.401108712395436,19820304.0
LP002053,1,1,3,0,0,4342,189.0,124.0,360.0,1.0,1,1,8.376090350438238,18852964,5.241747015059643,35721.0,4.820281565605037,15376.0,4531.0,8.418697944667139,20529961.0,4407.0,8.390949464841986,19421649.0
LP002065,1,1,3,0,0,15000,0.0,300.0,360.0,1.0,2,1,9.615805480084347,225000000,-inf,0.0,5.703782474656201,90000.0,15000.0,9.615805480084347,225000000.0,14700.0,9.595602772766828,216090000.0
LP002067,1,1,1,0,1,8666,4983.0,376.0,360.0,0.0,2,0,9.067162602299854,75099556,8.513787398281405,24830289.0,5.929589143389895,141376.0,13649.0,9.521421537856195,186295201.0,13273.0,9.493487175626202,176172529.0
LP002068,1,0,0,0,0,4917,0.0,130.0,360.0,0.0,2,1,8.50045386741194,24176889,-inf,0.0,4.867534450455582,16900.0,4917.0,8.50045386741194,24176889.0,4787.0,8.473659189392508,22915369.0
LP002082,1,1,0,0,1,5818,2160.0,184.0,360.0,1.0,1,1,8.668711839055147,33849124,7.67786350067821,4665600.0,5.214935757608986,33856.0,7978.0,8.984443032465352,63648484.0,7794.0,8.961109485898655,60746436.0
LP002086,0,1,0,0,0,4333,2451.0,110.0,360.0,1.0,0,0,8.374015421739909,18774889,7.804251383528112,6007401.0,4.700480365792417,12100.0,6784.0,8.822322177471738,46022656.0,6674.0,8.80597465931132,44542276.0
LP002087,0,0,0,0,0,2500,0.0,67.0,360.0,1.0,0,1,7.824046010856292,6250000,-inf,0.0,4.204692619390966,4489.0,2500.0,7.824046010856292,6250000.0,2433.0,7.796880342783522,5919489.0
LP002097,1,0,1,0,0,4384,1793.0,117.0,360.0,1.0,0,1,8.385716828627851,19219456,7.491645473605133,3214849.0,4.762173934797756,13689.0,6177.0,8.728587995695898,38155329.0,6060.0,8.70946507906336,36723600.0
LP002098,1,0,0,0,0,2935,0.0,98.0,360.0,1.0,1,1,7.984462732262196,8614225,-inf,0.0,4.584967478670572,9604.0,2935.0,7.984462732262196,8614225.0,2837.0,7.950502434808851,8048569.0
LP002112,1,1,2,0,1,2500,4600.0,176.0,360.0,1.0,2,1,7.824046010856292,6250000,8.433811582477187,21160000.0,5.170483995038151,30976.0,7100.0,8.867850063029406,50410000.0,6924.0,8.8427489162961,47941776.0
LP002114,0,0,0,0,0,4160,0.0,71.0,360.0,1.0,1,1,8.333270353255308,17305600,-inf,0.0,4.2626798770413155,5041.0,4160.0,8.333270353255308,17305600.0,4089.0,8.316055720364643,16719921.0
LP002115,1,1,3,1,0,2647,1587.0,173.0,360.0,1.0,2,0,7.881182202227102,7006609,7.369600720526409,2518569.0,5.153291594497779,29929.0,4234.0,8.350902451694811,17926756.0,4061.0,8.309184527686298,16491721.0
LP002116,0,0,0,0,0,2378,0.0,46.0,360.0,1.0,2,0,7.774015077250727,5654884,-inf,0.0,3.828641396489095,2116.0,2378.0,7.774015077250727,5654884.0,2332.0,7.754481547470383,5438224.0
LP002119,1,1,1,1,0,4554,1229.0,158.0,360.0,1.0,0,1,8.423761246623686,20738916,7.113956109566034,1510441.0,5.062595033026967,24964.0,5783.0,8.662677858158219,33443089.0,5625.0,8.63497622707262,31640625.0
LP002126,1,1,3,1,0,3173,0.0,74.0,360.0,1.0,1,1,8.062432791583195,10067929,-inf,0.0,4.30406509320417,5476.0,3173.0,8.062432791583195,10067929.0,3099.0,8.038834757787749,9603801.0
LP002129,1,1,0,0,0,2499,2458.0,160.0,360.0,1.0,1,1,7.823645930834952,6245001,7.80710329012598,6041764.0,5.075173815233827,25600.0,4957.0,8.508555998020574,24571849.0,4797.0,8.475746001502063,23011209.0
LP002131,1,1,2,1,0,3083,2168.0,126.0,360.0,1.0,0,1,8.03365842788615,9504889,7.681560362559537,4700224.0,4.836281906951478,15876.0,5251.0,8.566173813637858,27573001.0,5125.0,8.54188580400661,26265625.0
LP002138,1,1,0,0,0,2625,6250.0,187.0,360.0,1.0,2,1,7.872836175025724,6890625,8.740336742730447,39062500.0,5.231108616854587,34969.0,8875.0,9.090993614343617,78765625.0,8688.0,9.069698042173716,75481344.0
LP002139,1,1,0,0,0,9083,0.0,228.0,360.0,1.0,1,1,9.114159813502214,82500889,-inf,0.0,5.429345628954441,51984.0,9083.0,9.114159813502214,82500889.0,8855.0,9.088737550216933,78411025.0
LP002140,1,0,0,0,0,8750,4167.0,308.0,360.0,1.0,2,0,9.07680897935166,76562500,8.334951631422454,17363889.0,5.730099782973574,94864.0,12917.0,9.466299552232016,166848889.0,12609.0,9.442166123673227,158986881.0
LP002141,1,1,3,0,0,2666,2083.0,95.0,360.0,1.0,2,1,7.888334500738654,7107556,7.641564441260972,4338889.0,4.553876891600541,9025.0,4749.0,8.465689348549121,22553001.0,4654.0,8.445482343862237,21659716.0
LP002142,0,1,0,0,1,5500,0.0,105.0,360.0,0.0,2,0,8.612503371220562,30250000,-inf,0.0,4.653960350157523,11025.0,5500.0,8.612503371220562,30250000.0,5395.0,8.593227877692234,29106025.0
LP002143,0,1,0,0,0,2423,505.0,130.0,360.0,1.0,1,1,7.792761720816526,5870929,6.22455842927536,255025.0,4.867534450455582,16900.0,2928.0,7.982074875081202,8573184.0,2798.0,7.936660155225426,7828804.0
LP002149,1,1,2,0,0,8333,3167.0,165.0,360.0,1.0,2,1,9.027978814382207,69438889,8.06054004653864,10029889.0,5.10594547390058,27225.0,11500.0,9.350102314351341,132250000.0,11335.0,9.335650562941629,128482225.0
LP002151,1,1,1,0,0,3875,0.0,67.0,360.0,1.0,0,0,8.262300941787448,15015625,-inf,0.0,4.204692619390966,4489.0,3875.0,8.262300941787448,15015625.0,3808.0,8.244859395911256,14500864.0
LP002158,1,1,0,1,0,3000,1666.0,100.0,480.0,0.0,0,0,8.006367567650246,9000000,7.418180822726788,2775556.0,4.605170185988092,10000.0,4666.0,8.448057452581375,21771556.0,4566.0,8.42639282708974,20848356.0
LP002160,1,1,3,0,0,5167,3167.0,200.0,360.0,1.0,1,1,8.550047528287184,26697889,8.06054004653864,10029889.0,5.298317366548036,40000.0,8334.0,9.0280988119824,69455556.0,8134.0,9.00380808646717,66161956.0
LP002161,0,0,1,0,0,4723,0.0,81.0,360.0,1.0,1,0,8.460199469896118,22306729,-inf,0.0,4.394449154672439,6561.0,4723.0,8.460199469896118,22306729.0,4642.0,8.442900586834382,21548164.0
LP002170,1,1,2,0,0,5000,3667.0,236.0,360.0,1.0,1,1,8.517193191416238,25000000,8.207129168071326,13446889.0,5.4638318050256105,55696.0,8667.0,9.067277989134345,75116889.0,8431.0,9.039670667922676,71081761.0
LP002175,1,1,0,0,0,4750,2333.0,130.0,360.0,1.0,0,1,8.465899897028686,22562500,7.75491027202143,5442889.0,4.867534450455582,16900.0,7083.0,8.865452825753623,50168889.0,6953.0,8.846928500099018,48344209.0
LP002180,1,0,0,0,1,6822,0.0,141.0,360.0,1.0,2,1,8.82790796297859,46539684,-inf,0.0,4.948759890378168,19881.0,6822.0,8.82790796297859,46539684.0,6681.0,8.807022955925477,44635761.0
LP002181,1,0,0,1,0,6216,0.0,133.0,360.0,1.0,2,0,8.734881892047483,38638656,-inf,0.0,4.890349128221754,17689.0,6216.0,8.734881892047483,38638656.0,6083.0,8.713253274320705,37002889.0
LP002187,1,0,0,0,0,2500,0.0,96.0,480.0,1.0,1,0,7.824046010856292,6250000,-inf,0.0,4.564348191467836,9216.0,2500.0,7.824046010856292,6250000.0,2404.0,7.784889295655098,5779216.0
LP002190,1,1,1,0,0,6325,0.0,175.0,360.0,1.0,1,1,8.752265313595721,40005625,-inf,0.0,5.1647859739235145,30625.0,6325.0,8.752265313595721,40005625.0,6150.0,8.724207360800564,37822500.0
LP002191,1,1,0,0,0,19730,5266.0,570.0,360.0,1.0,2,0,9.889895599016661,389272900,8.569026340056254,27730756.0,6.345636360828596,324900.0,24996.0,10.126471091048971,624800016.0,24426.0,10.103403417731034,596629476.0
LP002194,0,0,0,0,1,15759,0.0,55.0,360.0,1.0,1,1,9.665166909622071,248346081,-inf,0.0,4.007333185232471,3025.0,15759.0,9.665166909622071,248346081.0,15704.0,9.661670735956298,246615616.0
LP002197,1,1,2,0,0,5185,0.0,155.0,360.0,1.0,1,1,8.553525120663627,26884225,-inf,0.0,5.043425116919247,24025.0,5185.0,8.553525120663627,26884225.0,5030.0,8.523175263093785,25300900.0
LP002201,1,1,2,0,1,9323,7873.0,380.0,300.0,1.0,2,1,9.140239744296693,86918329,8.971194463184467,61984129.0,5.940171252720432,144400.0,17196.0,9.752432077616172,295702416.0,16816.0,9.730086093116732,282777856.0
LP002205,1,0,1,0,0,3062,1987.0,111.0,180.0,0.0,0,0,8.026823576217629,9375844,7.594381242551817,3948169.0,4.709530201312334,12321.0,5049.0,8.526945482858915,25492401.0,4938.0,8.504715669905124,24383844.0
LP002211,1,1,0,0,0,4817,923.0,120.0,180.0,1.0,0,1,8.479906606630221,23203489,6.827629234502852,851929.0,4.787491742782046,14400.0,5740.0,8.655214489313613,32947600.0,5620.0,8.634086942887738,31584400.0
LP002219,1,1,3,0,0,8750,4996.0,130.0,360.0,1.0,2,1,9.07680897935166,76562500,8.516392871245468,24960016.0,4.867534450455582,16900.0,13746.0,9.52850315168155,188952516.0,13616.0,9.519000850813155,185395456.0
LP002224,1,0,0,0,0,3069,0.0,71.0,480.0,1.0,0,0,8.029107054619736,9418761,-inf,0.0,4.2626798770413155,5041.0,3069.0,8.029107054619736,9418761.0,2998.0,8.005700678662542,8988004.0
LP002225,1,1,2,0,0,5391,0.0,130.0,360.0,1.0,0,1,8.592486175451668,29062881,-inf,0.0,4.867534450455582,16900.0,5391.0,8.592486175451668,29062881.0,5261.0,8.568076401730806,27678121.0
LP002229,1,0,0,0,0,5941,4232.0,296.0,360.0,1.0,1,1,8.689632748355741,35295481,8.350429973538136,17909824.0,5.69035945432406,87616.0,10173.0,9.227492430793749,103489929.0,9877.0,9.197964100908127,97555129.0
LP002231,0,0,0,0,0,6000,0.0,156.0,360.0,1.0,0,1,8.699514748210191,36000000,-inf,0.0,5.049856007249537,24336.0,6000.0,8.699514748210191,36000000.0,5844.0,8.67317077287059,34152336.0
LP002234,1,0,0,0,1,7167,0.0,128.0,360.0,1.0,0,1,8.877242435993919,51365889,-inf,0.0,4.852030263919617,16384.0,7167.0,8.877242435993919,51365889.0,7039.0,8.85922139360813,49547521.0
LP002236,1,1,2,0,0,4566,0.0,100.0,360.0,1.0,0,0,8.42639282708974,20848356,-inf,0.0,4.605170185988092,10000.0,4566.0,8.42639282708974,20848356.0,4466.0,8.404248432400102,19945156.0
LP002239,1,0,0,1,0,2346,1600.0,132.0,360.0,1.0,1,1,7.76046702921342,5503716,7.3777589082278725,2560000.0,4.882801922586371,17424.0,3946.0,8.28045768658256,15570916.0,3814.0,8.246433786160365,14546596.0
LP002244,1,1,0,0,0,2333,2417.0,136.0,360.0,1.0,0,1,7.75491027202143,5442889,7.790282380703483,5841889.0,4.912654885736052,18496.0,4750.0,8.465899897028686,22562500.0,4614.0,8.4368504387337,21288996.0
LP002250,1,1,0,0,0,5488,0.0,125.0,360.0,1.0,2,1,8.610319169405722,30118144,-inf,0.0,4.8283137373023015,15625.0,5488.0,8.610319169405722,30118144.0,5363.0,8.587278798982926,28761769.0
LP002255,1,0,3,0,0,9167,0.0,185.0,360.0,1.0,2,1,9.123365357961776,84033889,-inf,0.0,5.220355825078324,34225.0,9167.0,9.123365357961776,84033889.0,8982.0,9.102977853647683,80676324.0
LP002262,1,1,3,0,0,9504,0.0,275.0,360.0,1.0,2,1,9.159468041602427,90326016,-inf,0.0,5.616771097666572,75625.0,9504.0,9.159468041602427,90326016.0,9229.0,9.130105979265577,85174441.0
LP002265,1,1,2,1,0,1993,1625.0,113.0,180.0,1.0,1,1,7.597396320212795,3972049,7.393263094763838,2640625.0,4.727387818712341,12769.0,3618.0,8.193676665955241,13089924.0,3505.0,8.16194579946869,12285025.0
LP002266,1,1,2,0,0,3100,1400.0,113.0,360.0,1.0,0,1,8.039157390473237,9610000,7.24422751560335,1960000.0,4.727387818712341,12769.0,4500.0,8.411832675758411,20250000.0,4387.0,8.386400901166214,19245769.0
LP002277,0,0,0,0,0,3180,0.0,71.0,360.0,0.0,0,0,8.064636475774222,10112400,-inf,0.0,4.2626798770413155,5041.0,3180.0,8.064636475774222,10112400.0,3109.0,8.042056410058754,9665881.0
LP002281,1,1,0,0,0,3033,1459.0,95.0,360.0,1.0,0,1,8.017307507688582,9199089,7.285506548522785,2128681.0,4.553876891600541,9025.0,4492.0,8.410053315858335,20178064.0,4397.0,8.388677769180811,19333609.0
LP002284,1,0,0,1,0,3902,1666.0,109.0,360.0,1.0,2,1,8.269244521183056,15225604,7.418180822726788,2775556.0,4.6913478822291435,11881.0,5568.0,8.624791202014256,31002624.0,5459.0,8.605020901781758,29800681.0
LP002287,0,0,0,0,0,1500,1800.0,103.0,360.0,0.0,1,0,7.313220387090301,2250000,7.495541943884256,3240000.0,4.634728988229636,10609.0,3300.0,8.101677747454572,10890000.0,3197.0,8.069968149059841,10220809.0
LP002288,1,1,2,1,0,2889,0.0,45.0,180.0,0.0,0,0,7.968665700466235,8346321,-inf,0.0,3.8066624897703196,2025.0,2889.0,7.968665700466235,8346321.0,2844.0,7.952966790923131,8088336.0
LP002296,1,0,0,1,0,2755,0.0,65.0,300.0,1.0,2,0,7.9211727215870145,7590025,-inf,0.0,4.174387269895637,4225.0,2755.0,7.9211727215870145,7590025.0,2690.0,7.897296472595885,7236100.0
LP002297,1,0,0,0,0,2500,20000.0,103.0,360.0,1.0,1,1,7.824046010856292,6250000,9.903487552536127,400000000.0,4.634728988229636,10609.0,22500.0,10.021270588192511,506250000.0,22397.0,10.01668230030247,501625609.0
LP002300,0,0,0,1,0,1963,0.0,53.0,360.0,1.0,1,1,7.5822291942764615,3853369,-inf,0.0,3.970291913552122,2809.0,1963.0,7.5822291942764615,3853369.0,1910.0,7.554858521040676,3648100.0
LP002301,0,0,0,0,1,7441,0.0,194.0,360.0,1.0,2,0,8.914760527397261,55368481,-inf,0.0,5.267858159063328,37636.0,7441.0,8.914760527397261,55368481.0,7247.0,8.888342869109282,52519009.0
LP002305,0,0,0,0,0,4547,0.0,115.0,360.0,1.0,1,1,8.42222295382501,20675209,-inf,0.0,4.74493212836325,13225.0,4547.0,8.42222295382501,20675209.0,4432.0,8.39660622842712,19642624.0
LP002308,1,1,0,1,0,2167,2400.0,115.0,360.0,1.0,0,1,7.681099001536359,4695889,7.783224016336037,5760000.0,4.74493212836325,13225.0,4567.0,8.426611813185,20857489.0,4452.0,8.401108712395436,19820304.0
LP002314,0,0,0,1,0,2213,0.0,66.0,360.0,1.0,2,1,7.70210434005105,4897369,-inf,0.0,4.189654742026425,4356.0,2213.0,7.70210434005105,4897369.0,2147.0,7.671826797878781,4609609.0
LP002315,1,1,1,0,0,8300,0.0,152.0,300.0,0.0,1,0,9.02401079378469,68890000,-inf,0.0,5.0238805208462765,23104.0,8300.0,9.02401079378469,68890000.0,8148.0,9.005527777346696,66389904.0
LP002317,1,1,3,0,0,81000,0.0,360.0,360.0,0.0,2,0,11.302204433654575,6561000000,-inf,0.0,5.886104031450156,129600.0,81000.0,11.302204433654575,6561000000.0,80640.0,11.297750083305196,6502809600.0
LP002318,0,0,1,1,1,3867,0.0,62.0,360.0,1.0,1,0,8.260234291607297,14953689,-inf,0.0,4.127134385045092,3844.0,3867.0,8.260234291607297,14953689.0,3805.0,8.244071270295786,14478025.0
LP002328,1,1,0,1,0,6096,0.0,218.0,360.0,0.0,2,0,8.715388097366482,37161216,-inf,0.0,5.384495062789089,47524.0,6096.0,8.715388097366482,37161216.0,5878.0,8.678971846978863,34550884.0
LP002332,1,1,0,1,0,2253,2033.0,110.0,360.0,1.0,2,1,7.720017940432244,5076009,7.617267813628347,4133089.0,4.700480365792417,12100.0,4286.0,8.363109176033522,18369796.0,4176.0,8.337109129562474,17438976.0
LP002335,0,1,0,1,0,2149,3237.0,178.0,360.0,0.0,1,0,7.67275789664251,4618201,8.082402253926244,10478169.0,5.181783550292085,31684.0,5386.0,8.591558273371545,29008996.0,5208.0,8.557951183888406,27123264.0
LP002337,0,0,0,0,0,2995,0.0,60.0,360.0,1.0,0,1,8.00469951054955,8970025,-inf,0.0,4.0943445622221,3600.0,2995.0,8.00469951054955,8970025.0,2935.0,7.984462732262196,8614225.0
LP002341,0,0,1,0,0,2600,0.0,160.0,360.0,1.0,0,0,7.8632667240095735,6760000,-inf,0.0,5.075173815233827,25600.0,2600.0,7.8632667240095735,6760000.0,2440.0,7.799753318287247,5953600.0
LP002342,1,1,2,0,1,1600,20000.0,239.0,360.0,1.0,0,0,7.3777589082278725,2560000,9.903487552536127,400000000.0,5.476463551931511,57121.0,21600.0,9.980448593672257,466560000.0,21361.0,9.969322108457675,456292321.0
LP002345,1,1,0,0,0,1025,2773.0,112.0,360.0,1.0,2,1,6.932447891572509,1050625,7.927685045615778,7689529.0,4.718498871295094,12544.0,3798.0,8.242229891372231,14424804.0,3686.0,8.212297138229768,13586596.0
LP002347,1,1,0,0,0,3246,1417.0,138.0,360.0,1.0,1,1,8.085178748074537,10536516,7.256297239690681,2007889.0,4.927253685157205,19044.0,4663.0,8.44741429680832,21743569.0,4525.0,8.417372856134026,20475625.0
LP002348,1,1,0,0,0,5829,0.0,138.0,360.0,1.0,2,1,8.67060073804555,33977241,-inf,0.0,4.927253685157205,19044.0,5829.0,8.67060073804555,33977241.0,5691.0,8.646641258603124,32387481.0
LP002361,1,1,0,0,0,1820,1719.0,100.0,360.0,1.0,0,1,7.506591780070841,3312400,7.449498005382849,2954961.0,4.605170185988092,10000.0,3539.0,8.171599480345463,12524521.0,3439.0,8.142936010432265,11826721.0
LP002364,1,1,0,0,0,14880,0.0,96.0,360.0,1.0,1,1,9.607773308387083,221414400,-inf,0.0,4.564348191467836,9216.0,14880.0,9.607773308387083,221414400.0,14784.0,9.601300793881466,218566656.0
LP002366,1,1,0,0,0,2666,4300.0,121.0,360.0,1.0,2,1,7.888334500738654,7107556,8.366370301681654,18490000.0,4.795790545596741,14641.0,6966.0,8.848796450925947,48525156.0,6845.0,8.83127373772255,46854025.0
LP002367,0,0,1,1,0,4606,0.0,81.0,360.0,1.0,2,0,8.43511508038063,21215236,-inf,0.0,4.394449154672439,6561.0,4606.0,8.43511508038063,21215236.0,4525.0,8.417372856134026,20475625.0
LP002368,1,1,2,0,0,5935,0.0,133.0,360.0,1.0,1,1,8.688622307043769,35224225,-inf,0.0,4.890349128221754,17689.0,5935.0,8.688622307043769,35224225.0,5802.0,8.665957964681349,33663204.0
LP002369,1,1,0,0,0,2920,16.12000084,87.0,360.0,1.0,2,1,7.979338895262328,8526400,2.780060789187662,259.8544270816007,4.465908118654584,7569.0,2936.12000084,7.984844261119869,8620800.659332681,2849.12000084,7.954765453947832,8117484.779186523
LP002370,1,0,0,1,0,2717,0.0,60.0,180.0,1.0,0,1,7.907283609426348,7382089,-inf,0.0,4.0943445622221,3600.0,2717.0,7.907283609426348,7382089.0,2657.0,7.884952945759814,7059649.0
LP002377,0,0,1,0,1,8624,0.0,150.0,360.0,1.0,1,1,9.06230429314878,74373376,-inf,0.0,5.0106352940962555,22500.0,8624.0,9.06230429314878,74373376.0,8474.0,9.044757931186505,71808676.0
LP002379,1,0,0,0,0,6500,0.0,105.0,360.0,0.0,2,0,8.779557455883728,42250000,-inf,0.0,4.653960350157523,11025.0,6500.0,8.779557455883728,42250000.0,6395.0,8.763271714012943,40896025.0
LP002387,1,1,0,0,0,2425,2340.0,143.0,360.0,1.0,1,1,7.793586803371584,5880625,7.757906208351747,5475600.0,4.962844630259907,20449.0,4765.0,8.469052816088302,22705225.0,4622.0,8.438582790834326,21362884.0
LP002390,1,0,0,0,0,3750,0.0,100.0,360.0,1.0,0,1,8.229511118964457,14062500,-inf,0.0,4.605170185988092,10000.0,3750.0,8.229511118964457,14062500.0,3650.0,8.202482446576537,13322500.0
LP002398,1,0,0,0,0,1926,1851.0,50.0,360.0,1.0,1,1,7.563200592358071,3709476,7.523481312573497,3426201.0,3.912023005428146,2500.0,3777.0,8.236685322712457,14265729.0,3727.0,8.223358899479258,13890529.0
LP002403,1,0,0,0,1,10416,0.0,187.0,360.0,0.0,0,0,9.251098364448351,108493056,-inf,0.0,5.231108616854587,34969.0,10416.0,9.251098364448351,108493056.0,10229.0,9.232982102457008,104632441.0
LP002407,0,1,0,1,1,7142,0.0,138.0,360.0,1.0,2,1,8.873748128154395,51008164,-inf,0.0,4.927253685157205,19044.0,7142.0,8.873748128154395,51008164.0,7004.0,8.854236693405742,49056016.0
LP002408,1,0,0,0,0,3660,5064.0,187.0,360.0,1.0,1,1,8.205218426395412,13395600,8.529911963824013,25644096.0,5.231108616854587,34969.0,8724.0,9.07383312732152,76108176.0,8537.0,9.052164937010307,72880369.0
LP002409,1,1,0,0,0,7901,1833.0,180.0,360.0,1.0,2,1,8.974744612722734,62425801,7.513709247839705,3359889.0,5.19295685089021,32400.0,9734.0,9.1833801903934,94750756.0,9554.0,9.164715193949908,91278916.0
LP002418,1,0,3,1,0,4707,1993.0,148.0,360.0,1.0,1,1,8.456806041401142,22155849,7.597396320212795,3972049.0,4.997212273764115,21904.0,6700.0,8.809862805379057,44890000.0,6552.0,8.787525625532906,42928704.0
LP002422,1,0,1,0,0,37719,0.0,152.0,360.0,1.0,1,1,10.537919225261291,1422722961,-inf,0.0,5.0238805208462765,23104.0,37719.0,10.537919225261291,1422722961.0,37567.0,10.533881284434855,1411279489.0
LP002429,1,1,1,0,1,3466,1210.0,130.0,360.0,1.0,2,1,8.150756470275551,12013156,7.098375638590786,1464100.0,4.867534450455582,16900.0,4676.0,8.450198322591959,21864976.0,4546.0,8.422003004412488,20666116.0
LP002434,1,1,2,1,0,4652,0.0,110.0,360.0,1.0,2,1,8.445052513638554,21641104,-inf,0.0,4.700480365792417,12100.0,4652.0,8.445052513638554,21641104.0,4542.0,8.421122722665503,20629764.0
LP002443,1,1,2,0,0,3340,1710.0,150.0,360.0,0.0,2,0,8.113726085970747,11155600,7.444248649496705,2924100.0,5.0106352940962555,22500.0,5050.0,8.527143522269405,25502500.0,4900.0,8.496990484098719,24010000.0
LP002446,1,1,2,1,0,2309,1255.0,125.0,360.0,0.0,2,0,7.744569809354496,5331481,7.134890851565884,1575025.0,4.8283137373023015,15625.0,3564.0,8.1786387885907,12702096.0,3439.0,8.142936010432265,11826721.0
LP002448,1,1,0,0,0,3948,1733.0,149.0,360.0,0.0,2,0,8.280964400553373,15586704,7.457609289715606,3003289.0,5.003946305945459,22201.0,5681.0,8.644882552557126,32273761.0,5532.0,8.61830469278465,30603024.0
LP002449,1,1,0,0,0,2483,2466.0,90.0,180.0,0.0,2,1,7.817222785508166,6165289,7.81035268372429,6081156.0,4.499809670330265,8100.0,4949.0,8.506940814951886,24492601.0,4859.0,8.488587934405903,23609881.0
LP002453,1,0,0,0,1,7085,0.0,84.0,360.0,1.0,1,1,8.865735152124781,50197225,-inf,0.0,4.430816798843313,7056.0,7085.0,8.865735152124781,50197225.0,7001.0,8.853808274977197,49014001.0
LP002455,1,1,2,0,0,3859,0.0,96.0,360.0,1.0,1,1,8.258163361537619,14891881,-inf,0.0,4.564348191467836,9216.0,3859.0,8.258163361537619,14891881.0,3763.0,8.232971790593437,14160169.0
LP002459,1,1,0,0,0,4301,0.0,118.0,360.0,1.0,0,1,8.366602832783736,18498601,-inf,0.0,4.770684624465665,13924.0,4301.0,8.366602832783736,18498601.0,4183.0,8.338783971442199,17497489.0
LP002467,1,1,0,0,0,3708,2569.0,173.0,360.0,1.0,0,0,8.218247926685745,13749264,7.851271997109883,6599761.0,5.153291594497779,29929.0,6277.0,8.744647438317532,39400729.0,6104.0,8.716699572964293,37258816.0
LP002472,1,0,2,0,0,4354,0.0,136.0,360.0,1.0,2,1,8.378850241794492,18957316,-inf,0.0,4.912654885736052,18496.0,4354.0,8.378850241794492,18957316.0,4218.0,8.34711636103872,17791524.0
LP002473,1,1,0,0,0,8334,0.0,160.0,360.0,1.0,1,0,9.0280988119824,69455556,-inf,0.0,5.075173815233827,25600.0,8334.0,9.0280988119824,69455556.0,8174.0,9.008713664124222,66814276.0
LP002484,1,1,3,0,0,7740,0.0,128.0,180.0,1.0,0,1,8.954156966583772,59907600,-inf,0.0,4.852030263919617,16384.0,7740.0,8.954156966583772,59907600.0,7612.0,8.93748122841604,57942544.0
LP002487,1,1,0,0,0,3015,2188.0,153.0,360.0,1.0,2,1,8.011355109161286,9090225,7.690743163541872,4787344.0,5.030437921392435,23409.0,5203.0,8.556990661290303,27071209.0,5050.0,8.527143522269405,25502500.0
LP002493,1,0,0,0,0,4166,0.0,98.0,360.0,0.0,1,0,8.334711621820917,17355556,-inf,0.0,4.584967478670572,9604.0,4166.0,8.334711621820917,17355556.0,4068.0,8.31090675716845,16548624.0
LP002494,1,0,0,0,0,6000,0.0,140.0,360.0,1.0,2,1,8.699514748210191,36000000,-inf,0.0,4.941642422609304,19600.0,6000.0,8.699514748210191,36000000.0,5860.0,8.675904882571059,34339600.0
LP002500,1,1,3,1,0,2947,1664.0,70.0,180.0,0.0,0,0,7.988542982737695,8684809,7.416979621381154,2768896.0,4.248495242049359,4900.0,4611.0,8.436200032206706,21261321.0,4541.0,8.420902531097951,20620681.0
LP002505,1,1,0,0,0,4333,2451.0,110.0,360.0,1.0,0,0,8.374015421739909,18774889,7.804251383528112,6007401.0,4.700480365792417,12100.0,6784.0,8.822322177471738,46022656.0,6674.0,8.80597465931132,44542276.0
LP002515,1,1,1,0,1,3450,2079.0,162.0,360.0,1.0,1,1,8.146129510025405,11902500,7.639642287858013,4322241.0,5.087596335232384,26244.0,5529.0,8.617762246337932,30569841.0,5367.0,8.588024372176829,28804689.0
LP002517,1,1,1,1,0,2653,1500.0,113.0,180.0,0.0,2,0,7.88344635413774,7038409,7.313220387090301,2250000.0,4.727387818712341,12769.0,4153.0,8.331586243630754,17247409.0,4040.0,8.303999970955196,16321600.0
LP002519,1,1,3,0,0,4691,0.0,100.0,360.0,1.0,1,1,8.453401058328458,22005481,-inf,0.0,4.605170185988092,10000.0,4691.0,8.453401058328458,22005481.0,4591.0,8.431853144249223,21077281.0
LP002524,1,0,2,0,0,5532,4648.0,162.0,360.0,1.0,2,1,8.61830469278465,30603024,8.444192298531748,21603904.0,5.087596335232384,26244.0,10180.0,9.228180290104513,103632400.0,10018.0,9.212138753917563,100360324.0
LP002527,1,1,2,0,1,16525,1014.0,150.0,360.0,1.0,2,1,9.712629664719888,273075625,6.921658184151129,1028196.0,5.0106352940962555,22500.0,17539.0,9.772182251758139,307616521.0,17389.0,9.76359310138207,302377321.0
LP002529,1,1,2,0,0,6700,1750.0,230.0,300.0,1.0,1,1,8.809862805379057,44890000,7.4673710669175595,3062500.0,5.438079308923196,52900.0,8450.0,9.041921720351219,71402500.0,8220.0,9.014325488050225,67568400.0
LP002531,1,1,1,0,1,16667,2250.0,86.0,360.0,1.0,1,1,9.721185995542177,277788889,7.718685495198466,5062500.0,4.454347296253507,7396.0,18917.0,9.847816267665664,357852889.0,18831.0,9.843259726985641,354606561.0
LP002534,0,0,0,1,0,4350,0.0,154.0,360.0,1.0,2,1,8.37793112408273,18922500,-inf,0.0,5.0369526024136295,23716.0,4350.0,8.37793112408273,18922500.0,4196.0,8.341886969516187,17606416.0
LP002536,1,1,3,1,0,3095,0.0,113.0,360.0,1.0,2,1,8.037543185118697,9579025,-inf,0.0,4.727387818712341,12769.0,3095.0,8.037543185118697,9579025.0,2982.0,8.000349495324684,8892324.0
LP002537,1,1,0,0,0,2083,3150.0,128.0,360.0,1.0,1,1,7.641564441260972,4338889,8.055157731819678,9922500.0,4.852030263919617,16384.0,5233.0,8.562740006372207,27384289.0,5105.0,8.537975730598767,26061025.0
LP002541,1,1,0,0,0,10833,0.0,234.0,360.0,1.0,1,1,9.290352309945568,117353889,-inf,0.0,5.455321115357702,54756.0,10833.0,9.290352309945568,117353889.0,10599.0,9.268514936027255,112338801.0
LP002543,1,1,2,0,0,8333,0.0,246.0,360.0,1.0,1,1,9.027978814382207,69438889,-inf,0.0,5.5053315359323625,60516.0,8333.0,9.027978814382207,69438889.0,8087.0,8.998013113095823,65399569.0
LP002544,1,1,1,1,0,1958,2436.0,131.0,360.0,1.0,2,1,7.579678823090456,3833764,7.798112628829788,5934096.0,4.875197323201151,17161.0,4394.0,8.387995252944556,19307236.0,4263.0,8.35772841676521,18173169.0
LP002545,1,0,2,0,0,3547,0.0,80.0,360.0,0.0,2,0,8.173857454773621,12581209,-inf,0.0,4.382026634673881,6400.0,3547.0,8.173857454773621,12581209.0,3467.0,8.151044945685024,12020089.0
LP002547,1,1,1,0,0,18333,0.0,500.0,360.0,1.0,0,0,9.816457993563025,336098889,-inf,0.0,6.214608098422191,250000.0,18333.0,9.816457993563025,336098889.0,17833.0,9.788805952452513,318015889.0
LP002555,1,1,2,0,1,4583,2083.0,160.0,360.0,1.0,1,1,8.430109084509125,21003889,7.641564441260972,4338889.0,5.075173815233827,25600.0,6666.0,8.804775258867686,44435556.0,6506.0,8.780480107033297,42328036.0
LP002556,1,0,0,0,0,2435,0.0,75.0,360.0,1.0,0,0,7.79770203551669,5929225,-inf,0.0,4.31748811353631,5625.0,2435.0,7.79770203551669,5929225.0,2360.0,7.7664168980196555,5569600.0
LP002571,1,0,0,1,0,3691,0.0,110.0,360.0,1.0,2,1,8.213652703029998,13623481,-inf,0.0,4.700480365792417,12100.0,3691.0,8.213652703029998,13623481.0,3581.0,8.183397369998433,12823561.0
LP002582,0,0,0,1,1,17263,0.0,225.0,360.0,1.0,1,1,9.756320761816548,298011169,-inf,0.0,5.41610040220442,50625.0,17263.0,9.756320761816548,298011169.0,17038.0,9.743201422602786,290293444.0
LP002585,1,1,0,0,0,3597,2157.0,119.0,360.0,0.0,2,0,8.187855443695623,12938409,7.676473646389156,4652649.0,4.77912349311153,14161.0,5754.0,8.657650544111494,33108516.0,5635.0,8.636752426473876,31753225.0
LP002586,0,1,1,0,0,3326,913.0,105.0,84.0,1.0,1,1,8.109525659752872,11062276,6.816735880594968,833569.0,4.653960350157523,11025.0,4239.0,8.352082671352637,17969121.0,4134.0,8.327000740241713,17089956.0
LP002587,1,1,0,1,0,2600,1700.0,107.0,360.0,1.0,2,1,7.8632667240095735,6760000,7.438383530044307,2890000.0,4.672828834461906,11449.0,4300.0,8.366370301681654,18490000.0,4193.0,8.341171747170762,17581249.0
LP002600,1,1,1,0,1,2895,0.0,95.0,360.0,1.0,1,1,7.970740390007095,8381025,-inf,0.0,4.553876891600541,9025.0,2895.0,7.970740390007095,8381025.0,2800.0,7.937374696163295,7840000.0
LP002602,1,0,0,0,0,6283,4416.0,209.0,360.0,0.0,2,0,8.745602852402946,39476089,8.392989587956931,19501056.0,5.342334251964811,43681.0,10699.0,9.277905558138606,114468601.0,10490.0,9.258177701390343,110040100.0
LP002603,0,0,0,0,0,645,3683.0,113.0,480.0,1.0,2,1,6.4692503167957724,416025,8.211482916445066,13564489.0,4.727387818712341,12769.0,4328.0,8.372860820526318,18731584.0,4215.0,8.346404870435956,17766225.0
LP002606,0,0,0,0,0,3159,0.0,100.0,360.0,1.0,1,1,8.058010800802085,9979281,-inf,0.0,4.605170185988092,10000.0,3159.0,8.058010800802085,9979281.0,3059.0,8.025843344150903,9357481.0
LP002615,1,1,2,0,0,4865,5624.0,208.0,360.0,1.0,1,1,8.489821994620105,23668225,8.6347984334905,31629376.0,5.337538079701318,43264.0,10489.0,9.258082367961604,110019121.0,10281.0,9.238052810542719,105698961.0
LP002619,1,1,0,1,0,3814,1483.0,124.0,300.0,1.0,1,1,8.246433786160365,14546596,7.301822342137932,2199289.0,4.820281565605037,15376.0,5297.0,8.574895901544526,28058209.0,5173.0,8.551208070003515,26759929.0
LP002622,1,1,2,0,0,3510,4416.0,243.0,360.0,1.0,2,1,8.163371316459912,12320100,8.392989587956931,19501056.0,5.493061443340548,59049.0,7926.0,8.97790377375038,62821476.0,7683.0,8.946765374867635,59028489.0
LP002626,1,1,0,0,1,2479,3013.0,188.0,360.0,1.0,0,1,7.8156105320351905,6145441,8.0106915391303,9078169.0,5.236441962829949,35344.0,5492.0,8.61104776688786,30162064.0,5304.0,8.576216531865699,28132416.0
LP002634,0,0,1,0,0,13262,0.0,40.0,360.0,1.0,0,1,9.492658081928813,175880644,-inf,0.0,3.6888794541139363,1600.0,13262.0,9.492658081928813,175880644.0,13222.0,9.489637387893524,174821284.0
LP002637,1,0,0,1,0,3598,1287.0,100.0,360.0,1.0,2,0,8.188133414510478,12945604,7.160069207596127,1656369.0,4.605170185988092,10000.0,4885.0,8.493924564476883,23863225.0,4785.0,8.473241303887054,22896225.0
LP002640,1,1,1,0,0,6065,2004.0,250.0,360.0,1.0,1,1,8.71028982137815,36784225,7.602900462204755,4016016.0,5.521460917862246,62500.0,8069.0,8.995784837848506,65108761.0,7819.0,8.964311948124514,61136761.0
LP002643,1,1,2,0,0,3283,2035.0,148.0,360.0,1.0,0,1,8.096512917501594,10778089,7.618251097876695,4141225.0,4.997212273764115,21904.0,5318.0,8.578852571802965,28281124.0,5170.0,8.550627967502475,26728900.0
LP002648,1,1,0,0,0,2130,6666.0,70.0,180.0,1.0,1,0,7.6638772587034705,4536900,8.804775258867686,44435556.0,4.248495242049359,4900.0,8796.0,9.082052351674651,77369616.0,8726.0,9.074062353683555,76143076.0
LP002652,1,0,0,0,0,5815,3666.0,311.0,360.0,1.0,2,0,8.668196064952765,33814225,8.20685642839965,13439556.0,5.739792912179234,96721.0,9481.0,9.15704507491796,89889361.0,9170.0,9.123692565250511,84088900.0
LP002659,1,1,3,0,0,3466,3428.0,150.0,360.0,1.0,2,1,8.150756470275551,12013156,8.13973227971767,11751184.0,5.0106352940962555,22500.0,6894.0,8.83840674707681,47527236.0,6744.0,8.81640849968169,45481536.0
LP002670,0,1,2,0,0,2031,1632.0,113.0,480.0,1.0,1,1,7.616283561580385,4124961,7.397561535524052,2663424.0,4.727387818712341,12769.0,3663.0,8.206037762778815,13417569.0,3550.0,8.174702882469461,12602500.0
LP002683,1,0,0,0,0,4683,1915.0,185.0,360.0,1.0,1,0,8.451694209183541,21930489,7.557472901614746,3667225.0,5.220355825078324,34225.0,6598.0,8.794521851788527,43533604.0,6413.0,8.766082459148864,41126569.0
LP002684,0,0,0,1,0,3400,0.0,95.0,360.0,1.0,2,0,8.131530710604252,11560000,-inf,0.0,4.553876891600541,9025.0,3400.0,8.131530710604252,11560000.0,3305.0,8.103191752285786,10923025.0
LP002689,1,1,2,1,0,2192,1742.0,45.0,360.0,1.0,1,1,7.692569648067906,4804864,7.462789157412448,3034564.0,3.8066624897703196,2025.0,3934.0,8.277411998949004,15476356.0,3889.0,8.265907334155747,15124321.0
LP002690,1,0,0,0,0,2500,0.0,55.0,360.0,1.0,1,1,7.824046010856292,6250000,-inf,0.0,4.007333185232471,3025.0,2500.0,7.824046010856292,6250000.0,2445.0,7.801800401908973,5978025.0
LP002692,1,1,3,0,1,5677,1424.0,100.0,360.0,1.0,2,1,8.644178203170727,32228329,7.261225091971921,2027776.0,4.605170185988092,10000.0,7101.0,8.867990898182093,50424201.0,7001.0,8.853808274977197,49014001.0
LP002693,1,1,2,0,1,7948,7166.0,480.0,360.0,1.0,2,1,8.980675603671708,63170704,8.8771028978649,51351556.0,6.173786103901937,230400.0,15114.0,9.623376745580666,228432996.0,14634.0,9.591102867443976,214153956.0
LP002699,1,1,2,0,1,17500,0.0,400.0,360.0,1.0,2,1,9.769956159911606,306250000,-inf,0.0,5.991464547107982,160000.0,17500.0,9.769956159911606,306250000.0,17100.0,9.746833742490752,292410000.0
LP002705,1,1,0,0,0,3775,0.0,110.0,360.0,1.0,1,1,8.236155661683124,14250625,-inf,0.0,4.700480365792417,12100.0,3775.0,8.236155661683124,14250625.0,3665.0,8.206583614320753,13432225.0
LP002706,1,1,1,1,0,5285,1430.0,161.0,360.0,0.0,1,1,8.572627898304338,27931225,7.265429723253953,2044900.0,5.081404364984463,25921.0,6715.0,8.812099108957337,45091225.0,6554.0,8.787830829258759,42954916.0
LP002714,1,0,1,1,0,2679,1302.0,94.0,360.0,1.0,1,1,7.893198869544609,7177041,7.171656822768514,1695204.0,4.543294782270004,8836.0,3981.0,8.289288323000317,15848361.0,3887.0,8.265392930852224,15108769.0
LP002716,1,0,0,1,0,6783,0.0,130.0,360.0,1.0,1,1,8.82217476094608,46009089,-inf,0.0,4.867534450455582,16900.0,6783.0,8.82217476094608,46009089.0,6653.0,8.802823159741887,44262409.0
LP002720,1,1,3,0,0,4281,0.0,100.0,360.0,1.0,0,1,8.361941906144946,18326961,-inf,0.0,4.605170185988092,10000.0,4281.0,8.361941906144946,18326961.0,4181.0,8.338305731356565,17480761.0
LP002723,1,0,2,0,0,3588,0.0,110.0,360.0,0.0,2,0,8.185350223178686,12873744,-inf,0.0,4.700480365792417,12100.0,3588.0,8.185350223178686,12873744.0,3478.0,8.154212694914229,12096484.0
LP002731,0,0,0,1,1,18165,0.0,125.0,360.0,1.0,0,1,9.807251944655302,329967225,-inf,0.0,4.8283137373023015,15625.0,18165.0,9.807251944655302,329967225.0,18040.0,9.800346793616615,325441600.0
LP002734,1,1,0,0,0,6133,3906.0,324.0,360.0,1.0,0,1,8.721439305625983,37613689,8.270269111436624,15256836.0,5.780743515792329,104976.0,10039.0,9.214232786691527,100781521.0,9715.0,9.18142636181154,94381225.0
LP002738,1,0,2,0,0,3617,0.0,107.0,360.0,1.0,1,1,8.193400231952097,13082689,-inf,0.0,4.672828834461906,11449.0,3617.0,8.193400231952097,13082689.0,3510.0,8.163371316459912,12320100.0
LP002739,1,1,0,1,0,2917,536.0,66.0,360.0,1.0,2,0,7.978310969867722,8508889,6.284134161070802,287296.0,4.189654742026425,4356.0,3453.0,8.146998697389993,11923209.0,3387.0,8.127699852817772,11471769.0
LP002740,1,1,3,0,0,6417,0.0,157.0,180.0,1.0,2,1,8.766705997750515,41177889,-inf,0.0,5.056245805348308,24649.0,6417.0,8.766705997750515,41177889.0,6260.0,8.741935464094144,39187600.0
LP002741,0,1,1,0,0,4608,2845.0,140.0,180.0,1.0,1,1,8.435549202375727,21233664,7.953318346560431,8094025.0,4.941642422609304,19600.0,7453.0,8.916371914881694,55547209.0,7313.0,8.89740886527095,53479969.0
LP002743,0,0,0,0,0,2138,0.0,99.0,360.0,0.0,1,0,7.6676260915849905,4571044,-inf,0.0,4.59511985013459,9801.0,2138.0,7.6676260915849905,4571044.0,2039.0,7.620214770574455,4157521.0
LP002755,1,1,1,1,0,2239,2524.0,128.0,360.0,1.0,0,1,7.713784616598755,5013121,7.8336002236611035,6370576.0,4.852030263919617,16384.0,4763.0,8.46863300080086,22686169.0,4635.0,8.441391477999955,21483225.0
LP002767,1,1,0,0,0,2768,1950.0,155.0,360.0,1.0,2,1,7.92588031673756,7661824,7.575584651557793,3802500.0,5.043425116919247,24025.0,4718.0,8.45914025996762,22259524.0,4563.0,8.425735580927402,20820969.0
LP002768,1,0,0,1,0,3358,0.0,80.0,36.0,1.0,1,0,8.119100837637486,11276164,-inf,0.0,4.382026634673881,6400.0,3358.0,8.119100837637486,11276164.0,3278.0,8.094988759303774,10745284.0
LP002772,1,0,0,0,0,2526,1783.0,145.0,360.0,1.0,2,1,7.8343923029104365,6380676,7.48605261786314,3179089.0,4.976733742420574,21025.0,4309.0,8.368461137615839,18567481.0,4164.0,8.33423142973486,17338896.0
LP002776,0,0,0,0,0,5000,0.0,103.0,360.0,0.0,1,0,8.517193191416238,25000000,-inf,0.0,4.634728988229636,10609.0,5000.0,8.517193191416238,25000000.0,4897.0,8.496378051702317,23980609.0
LP002777,1,1,0,0,0,2785,2016.0,110.0,360.0,1.0,2,1,7.932003152361385,7756225,7.60887062919126,4064256.0,4.700480365792417,12100.0,4801.0,8.476579508530941,23049601.0,4691.0,8.453401058328458,22005481.0
LP002785,1,1,1,0,0,3333,3250.0,158.0,360.0,1.0,0,1,8.11162807830774,11108889,8.086410275323782,10562500.0,5.062595033026967,24964.0,6583.0,8.792245847467877,43335889.0,6425.0,8.76795190976342,41280625.0
LP002788,1,1,0,1,0,2454,2333.0,181.0,360.0,0.0,0,0,7.805474625270857,6022116,7.75491027202143,5442889.0,5.198497031265826,32761.0,4787.0,8.473659189392508,22915369.0,4606.0,8.43511508038063,21215236.0
LP002789,1,1,0,0,0,3593,4266.0,132.0,180.0,0.0,2,0,8.186742787113518,12909649,8.358431899031295,18198756.0,4.882801922586371,17424.0,7859.0,8.969414650866176,61763881.0,7727.0,8.952475967933584,59706529.0
LP002792,1,1,1,0,0,5468,1032.0,26.0,360.0,1.0,1,1,8.60666819784384,29899024,6.939253946041508,1065024.0,3.258096538021482,676.0,6500.0,8.779557455883728,42250000.0,6474.0,8.775549434486189,41912676.0
LP002795,1,1,3,0,1,10139,0.0,260.0,360.0,1.0,1,1,9.22414465295258,102799321,-inf,0.0,5.560681631015528,67600.0,10139.0,9.22414465295258,102799321.0,9879.0,9.198166571044474,97594641.0
LP002798,1,1,0,0,0,3887,2669.0,162.0,360.0,1.0,1,1,8.265392930852224,15108769,7.889459149404524,7123561.0,5.087596335232384,26244.0,6556.0,8.78813593986372,42981136.0,6394.0,8.763115329619787,40883236.0
LP002804,0,1,0,0,0,4180,2306.0,182.0,360.0,1.0,1,1,8.338066525518801,17472400,7.743269700829004,5317636.0,5.204006687076795,33124.0,6486.0,8.777401286867264,42068196.0,6304.0,8.748939631537715,39740416.0
LP002807,1,1,2,1,0,3675,242.0,108.0,360.0,1.0,1,1,8.209308411646937,13505625,5.488937726156687,58564.0,4.68213122712422,11664.0,3917.0,8.27308133366583,15342889.0,3809.0,8.245121966478605,14508481.0
LP002813,0,1,1,0,1,19484,0.0,600.0,360.0,1.0,1,1,9.877348894926433,379626256,-inf,0.0,6.396929655216146,360000.0,19484.0,9.877348894926433,379626256.0,18884.0,9.846070281666178,356605456.0
LP002820,1,1,0,0,0,5923,2054.0,211.0,360.0,1.0,2,1,8.686598356276965,35081929,7.627544390488503,4218916.0,5.351858133476067,44521.0,7977.0,8.984317679911129,63632529.0,7766.0,8.957510510291613,60310756.0
LP002821,1,0,0,1,1,5800,0.0,132.0,360.0,1.0,1,1,8.66561319653451,33640000,-inf,0.0,4.882801922586371,17424.0,5800.0,8.66561319653451,33640000.0,5668.0,8.64259160081057,32126224.0
LP002832,1,1,2,0,0,8799,0.0,258.0,360.0,0.0,0,0,9.08239335764556,77422401,-inf,0.0,5.552959584921617,66564.0,8799.0,9.08239335764556,77422401.0,8541.0,9.052633375946147,72948681.0
LP002836,1,0,0,0,0,3333,0.0,70.0,360.0,1.0,0,1,8.11162807830774,11108889,-inf,0.0,4.248495242049359,4900.0,3333.0,8.11162807830774,11108889.0,3263.0,8.09040229659332,10647169.0
LP002837,1,1,3,0,0,3400,2500.0,123.0,360.0,0.0,2,0,8.131530710604252,11560000,7.824046010856292,6250000.0,4.812184355372417,15129.0,5900.0,8.68270762989381,34810000.0,5777.0,8.661639795781266,33373729.0
LP002840,0,0,0,0,0,2378,0.0,9.0,360.0,1.0,0,0,7.774015077250727,5654884,-inf,0.0,2.1972245773362196,81.0,2378.0,7.774015077250727,5654884.0,2369.0,7.7702232041587855,5612161.0
LP002841,1,1,0,0,0,3166,2064.0,104.0,360.0,0.0,0,0,8.060224240440958,10023556,7.6324011266014535,4260096.0,4.6443908991413725,10816.0,5230.0,8.56216655705897,27352900.0,5126.0,8.542080906924017,26275876.0
LP002842,1,1,1,0,0,3417,1750.0,186.0,360.0,1.0,0,1,8.136518252115291,11675889,7.4673710669175595,3062500.0,5.225746673713202,34596.0,5167.0,8.550047528287184,26697889.0,4981.0,8.513385953073284,24810361.0
LP002855,1,1,2,0,0,16666,0.0,275.0,360.0,1.0,0,1,9.721125994942152,277755556,-inf,0.0,5.616771097666572,75625.0,16666.0,9.721125994942152,277755556.0,16391.0,9.70448768268936,268664881.0
LP002862,1,1,2,1,0,6125,1625.0,187.0,480.0,1.0,1,0,8.720134035412928,37515625,7.393263094763838,2640625.0,5.231108616854587,34969.0,7750.0,8.955448122347393,60062500.0,7563.0,8.93102321585603,57198969.0
LP002863,1,1,3,0,0,6406,0.0,150.0,360.0,1.0,1,0,8.764990330169104,41036836,-inf,0.0,5.0106352940962555,22500.0,6406.0,8.764990330169104,41036836.0,6256.0,8.741296282225147,39137536.0
LP002868,1,1,2,0,0,3159,461.0,108.0,84.0,1.0,0,1,8.058010800802085,9979281,6.133398042996649,212521.0,4.68213122712422,11664.0,3620.0,8.194229304819817,13104400.0,3512.0,8.163940954755008,12334144.0
LP002874,1,0,0,0,0,3229,2739.0,110.0,360.0,1.0,0,1,8.079927770758275,10426441,7.915348169263078,7502121.0,4.700480365792417,12100.0,5968.0,8.694167141883597,35617024.0,5858.0,8.675563527387679,34316164.0
LP002877,1,1,1,0,0,1782,2232.0,107.0,360.0,1.0,2,1,7.485491608030754,3175524,7.710653323501202,4981824.0,4.672828834461906,11449.0,4014.0,8.297543529356284,16112196.0,3907.0,8.27052509505507,15264649.0
LP002892,1,1,2,0,0,6540,0.0,205.0,360.0,1.0,1,1,8.785692444451245,42771600,-inf,0.0,5.3230099791384085,42025.0,6540.0,8.785692444451245,42771600.0,6335.0,8.75384509275524,40132225.0
LP002893,1,0,0,0,0,1836,33837.0,90.0,360.0,1.0,0,0,7.515344571180436,3370896,10.429310157308027,1144942569.0,4.499809670330265,8100.0,35673.0,10.482149379105689,1272562929.0,35583.0,10.479623274697385,1266149889.0
LP002894,0,1,0,0,0,3166,0.0,36.0,360.0,1.0,1,1,8.060224240440958,10023556,-inf,0.0,3.58351893845611,1296.0,3166.0,8.060224240440958,10023556.0,3130.0,8.048788283534199,9796900.0
LP002911,1,1,1,0,0,2787,1917.0,146.0,360.0,0.0,2,0,7.932721027481948,7767369,7.558516743045645,3674889.0,4.983606621708336,21316.0,4704.0,8.456168489578463,22127616.0,4558.0,8.42463920980563,20775364.0
LP002912,1,1,1,0,0,4283,3000.0,172.0,84.0,1.0,2,0,8.36240897761537,18344089,8.006367567650246,9000000.0,5.147494476813453,29584.0,7283.0,8.893298144217916,53042089.0,7111.0,8.869398159883518,50566321.0
LP002916,1,1,0,0,0,2297,1522.0,104.0,360.0,1.0,0,1,7.739359202689098,5276209,7.3277805384216315,2316484.0,4.6443908991413725,10816.0,3819.0,8.247743887225516,14584761.0,3715.0,8.220133957151859,13801225.0
LP002917,0,0,0,1,0,2165,0.0,70.0,360.0,1.0,1,1,7.68017564043659,4687225,-inf,0.0,4.248495242049359,4900.0,2165.0,7.68017564043659,4687225.0,2095.0,7.647308832356238,4389025.0
LP002926,1,1,2,0,1,2726,0.0,106.0,360.0,0.0,1,0,7.9105906122564775,7431076,-inf,0.0,4.663439094112067,11236.0,2726.0,7.9105906122564775,7431076.0,2620.0,7.8709295967551425,6864400.0
LP002928,1,1,0,0,0,3000,3416.0,56.0,180.0,1.0,1,1,8.006367567650246,9000000,8.13622555490846,11669056.0,4.02535169073515,3136.0,6416.0,8.766550149546351,41165056.0,6360.0,8.757783656334167,40449600.0
LP002931,1,1,2,0,1,6000,0.0,205.0,240.0,1.0,1,0,8.699514748210191,36000000,-inf,0.0,5.3230099791384085,42025.0,6000.0,8.699514748210191,36000000.0,5795.0,8.664750755773852,33582025.0
LP002936,1,1,0,0,0,3859,3300.0,142.0,180.0,1.0,2,1,8.258163361537619,14891881,8.101677747454572,10890000.0,4.955827057601261,20164.0,7159.0,8.876125585396185,51251281.0,7017.0,8.85609105525229,49238289.0
LP002938,1,1,0,0,1,16120,0.0,260.0,360.0,1.0,0,1,9.68781601606062,259854400,-inf,0.0,5.560681631015528,67600.0,16120.0,9.68781601606062,259854400.0,15860.0,9.671555495188839,251539600.0
LP002940,1,0,0,1,0,3833,0.0,110.0,360.0,1.0,2,1,8.251403065380556,14691889,-inf,0.0,4.700480365792417,12100.0,3833.0,8.251403065380556,14691889.0,3723.0,8.222285073872717,13860729.0
LP002941,1,1,2,1,1,6383,1000.0,187.0,360.0,1.0,2,0,8.761393485256058,40742689,6.907755278982137,1000000.0,5.231108616854587,34969.0,7383.0,8.906935339059165,54508689.0,7196.0,8.881280595070423,51782416.0
LP002945,1,1,0,0,1,9963,0.0,180.0,360.0,1.0,2,1,9.206633510044856,99261369,-inf,0.0,5.19295685089021,32400.0,9963.0,9.206633510044856,99261369.0,9783.0,9.18840146445743,95707089.0
LP002948,1,1,2,0,0,5780,0.0,192.0,360.0,1.0,0,1,8.662158961666423,33408400,-inf,0.0,5.2574953720277815,36864.0,5780.0,8.662158961666423,33408400.0,5588.0,8.628376720376853,31225744.0
LP002953,1,1,3,0,0,5703,0.0,128.0,360.0,1.0,0,1,8.648747631156539,32524209,-inf,0.0,4.852030263919617,16384.0,5703.0,8.648747631156539,32524209.0,5575.0,8.62604759632832,31080625.0
LP002958,1,0,0,0,0,3676,4301.0,172.0,360.0,1.0,2,1,8.209580483475577,13512976,8.366602832783736,18498601.0,5.147494476813453,29584.0,7977.0,8.984317679911129,63632529.0,7805.0,8.962519832949532,60918025.0
LP002959,0,1,1,0,0,12000,0.0,496.0,360.0,1.0,1,1,9.392661928770137,144000000,-inf,0.0,6.206575926724928,246016.0,12000.0,9.392661928770137,144000000.0,11504.0,9.350450079960828,132342016.0
LP002961,1,1,1,0,0,3400,2500.0,173.0,360.0,1.0,1,1,8.131530710604252,11560000,7.824046010856292,6250000.0,5.153291594497779,29929.0,5900.0,8.68270762989381,34810000.0,5727.0,8.652947112393857,32798529.0
LP002964,1,1,2,1,0,3987,1411.0,157.0,360.0,1.0,2,1,8.290794347381356,15896169,7.252053951852814,1990921.0,5.056245805348308,24649.0,5398.0,8.59378379357795,29138404.0,5241.0,8.564267598802166,27468081.0
LP002974,1,1,0,0,0,3232,1950.0,108.0,360.0,1.0,2,1,8.080856419640986,10445824,7.575584651557793,3802500.0,4.68213122712422,11664.0,5182.0,8.552946361122055,26853124.0,5074.0,8.531884740159228,25745476.0
LP002978,0,0,0,0,0,2900,0.0,71.0,360.0,1.0,2,1,7.9724660159745655,8410000,-inf,0.0,4.2626798770413155,5041.0,2900.0,7.9724660159745655,8410000.0,2829.0,7.947678571301568,8003241.0
LP002979,1,1,3,0,0,4106,0.0,40.0,180.0,1.0,2,1,8.32020459757888,16859236,-inf,0.0,3.6888794541139363,1600.0,4106.0,8.32020459757888,16859236.0,4066.0,8.310414994188292,16532356.0
LP002983,1,1,1,0,0,8072,240.0,253.0,360.0,1.0,0,1,8.996156562033445,65157184,5.480638923341991,57600.0,5.53338948872752,64009.0,8312.0,9.025455532779063,69089344.0,8059.0,8.994544758324512,64947481.0
LP002984,1,1,2,0,0,7583,0.0,187.0,360.0,1.0,0,1,8.933664178700935,57501889,-inf,0.0,5.231108616854587,34969.0,7583.0,8.933664178700935,57501889.0,7396.0,8.908694592507015,54700816.0
LP002990,0,0,0,0,1,4583,0.0,133.0,360.0,0.0,1,0,8.430109084509125,21003889,-inf,0.0,4.890349128221754,17689.0,4583.0,8.430109084509125,21003889.0,4450.0,8.400659375160286,19802500.0
